[2026-05-30T06:39:01.025+0000] {manager.py:470} INFO - Processing files using up to 2 processes at a time 
[2026-05-30T06:39:01.026+0000] {manager.py:471} INFO - Process each file at most once every 30 seconds
[2026-05-30T06:39:01.026+0000] {manager.py:472} INFO - Checking for new files in /opt/airflow/dags every 300 seconds
[2026-05-30T06:39:01.026+0000] {manager.py:737} INFO - Searching for files in /opt/airflow/dags
[2026-05-30T06:39:01.031+0000] {manager.py:740} INFO - There are 0 files in /opt/airflow/dags
[2026-05-30T06:44:01.597+0000] {manager.py:737} INFO - Searching for files in /opt/airflow/dags
[2026-05-30T06:44:01.607+0000] {manager.py:740} INFO - There are 0 files in /opt/airflow/dags
[2026-05-30T06:49:02.237+0000] {manager.py:737} INFO - Searching for files in /opt/airflow/dags
[2026-05-30T06:49:02.253+0000] {manager.py:740} INFO - There are 1 files in /opt/airflow/dags
[2026-05-30T06:49:06.327+0000] {manager.py:878} INFO - 
================================================================================
DAG File Processing Stats

File Path                                 PID    Runtime      # DAGs    # Errors  Last Runtime    Last Run
----------------------------------------  -----  ---------  --------  ----------  --------------  -------------------
/opt/airflow/dags/master_pipeline_dag.py                           1           0  0.19s           2026-05-30T06:49:02
================================================================================
[2026-05-30T06:49:36.605+0000] {manager.py:878} INFO - 
================================================================================
DAG File Processing Stats

File Path                                 PID    Runtime      # DAGs    # Errors  Last Runtime    Last Run
----------------------------------------  -----  ---------  --------  ----------  --------------  -------------------
/opt/airflow/dags/master_pipeline_dag.py                           1           0  0.08s           2026-05-30T06:49:20
================================================================================
[2026-05-30T06:50:06.898+0000] {manager.py:878} INFO - 
================================================================================
DAG File Processing Stats

File Path                                 PID    Runtime      # DAGs    # Errors  Last Runtime    Last Run
----------------------------------------  -----  ---------  --------  ----------  --------------  -------------------
/opt/airflow/dags/master_pipeline_dag.py                           1           0  0.08s           2026-05-30T06:49:50
================================================================================
[2026-05-30T06:50:37.212+0000] {manager.py:878} INFO - 
================================================================================
DAG File Processing Stats

File Path                                 PID    Runtime      # DAGs    # Errors  Last Runtime    Last Run
----------------------------------------  -----  ---------  --------  ----------  --------------  -------------------
/opt/airflow/dags/master_pipeline_dag.py                           1           0  0.10s           2026-05-30T06:50:21
================================================================================
[2026-05-30T06:51:07.521+0000] {manager.py:878} INFO - 
================================================================================
DAG File Processing Stats

File Path                                 PID    Runtime      # DAGs    # Errors  Last Runtime    Last Run
----------------------------------------  -----  ---------  --------  ----------  --------------  -------------------
/opt/airflow/dags/master_pipeline_dag.py                           1           0  0.14s           2026-05-30T06:50:51
================================================================================
[2026-05-30T06:51:37.879+0000] {manager.py:878} INFO - 
================================================================================
DAG File Processing Stats

File Path                                 PID    Runtime      # DAGs    # Errors  Last Runtime    Last Run
----------------------------------------  -----  ---------  --------  ----------  --------------  -------------------
/opt/airflow/dags/master_pipeline_dag.py                           1           0  0.10s           2026-05-30T06:51:21
================================================================================
[2026-05-30T06:52:08.205+0000] {manager.py:878} INFO - 
================================================================================
DAG File Processing Stats

File Path                                 PID    Runtime      # DAGs    # Errors  Last Runtime    Last Run
----------------------------------------  -----  ---------  --------  ----------  --------------  -------------------
/opt/airflow/dags/master_pipeline_dag.py                           1           0  0.07s           2026-05-30T06:51:52
================================================================================
[2026-05-30T06:52:38.470+0000] {manager.py:878} INFO - 
================================================================================
DAG File Processing Stats

File Path                                 PID    Runtime      # DAGs    # Errors  Last Runtime    Last Run
----------------------------------------  -----  ---------  --------  ----------  --------------  -------------------
/opt/airflow/dags/master_pipeline_dag.py                           1           0  0.09s           2026-05-30T06:52:22
================================================================================
[2026-05-30T06:53:08.768+0000] {manager.py:878} INFO - 
================================================================================
DAG File Processing Stats

File Path                                 PID    Runtime      # DAGs    # Errors  Last Runtime    Last Run
----------------------------------------  -----  ---------  --------  ----------  --------------  -------------------
/opt/airflow/dags/master_pipeline_dag.py                           1           0  0.12s           2026-05-30T06:52:52
================================================================================
[2026-05-30T06:53:39.093+0000] {manager.py:878} INFO - 
================================================================================
DAG File Processing Stats

File Path                                 PID    Runtime      # DAGs    # Errors  Last Runtime    Last Run
----------------------------------------  -----  ---------  --------  ----------  --------------  -------------------
/opt/airflow/dags/master_pipeline_dag.py                           1           0  0.09s           2026-05-30T06:53:23
================================================================================
[2026-05-30T06:54:02.419+0000] {manager.py:737} INFO - Searching for files in /opt/airflow/dags
[2026-05-30T06:54:02.430+0000] {manager.py:740} INFO - There are 1 files in /opt/airflow/dags
[2026-05-30T06:54:09.525+0000] {manager.py:878} INFO - 
================================================================================
DAG File Processing Stats

File Path                                 PID    Runtime      # DAGs    # Errors  Last Runtime    Last Run
----------------------------------------  -----  ---------  --------  ----------  --------------  -------------------
/opt/airflow/dags/master_pipeline_dag.py                           1           0  0.09s           2026-05-30T06:53:53
================================================================================
[2026-05-30T06:54:39.935+0000] {manager.py:878} INFO - 
================================================================================
DAG File Processing Stats

File Path                                 PID    Runtime      # DAGs    # Errors  Last Runtime    Last Run
----------------------------------------  -----  ---------  --------  ----------  --------------  -------------------
/opt/airflow/dags/master_pipeline_dag.py                           1           0  0.09s           2026-05-30T06:54:23
================================================================================
[2026-05-30T07:10:54.135+0000] {manager.py:737} INFO - Searching for files in /opt/airflow/dags
[2026-05-30T07:10:54.142+0000] {manager.py:740} INFO - There are 1 files in /opt/airflow/dags
[2026-05-30T07:11:00.211+0000] {manager.py:878} INFO - 
================================================================================
DAG File Processing Stats

File Path                                 PID    Runtime      # DAGs    # Errors  Last Runtime    Last Run
----------------------------------------  -----  ---------  --------  ----------  --------------  -------------------
/opt/airflow/dags/master_pipeline_dag.py                           1           0  0.05s           2026-05-30T07:10:54
================================================================================
[2026-05-30T07:12:45.219+0000] {manager.py:878} INFO - 
================================================================================
DAG File Processing Stats

File Path                                 PID    Runtime      # DAGs    # Errors  Last Runtime    Last Run
----------------------------------------  -----  ---------  --------  ----------  --------------  -------------------
/opt/airflow/dags/master_pipeline_dag.py                           1           0  0.12s           2026-05-30T07:12:39
================================================================================
[2026-05-30T07:18:12.390+0000] {manager.py:737} INFO - Searching for files in /opt/airflow/dags
[2026-05-30T07:18:12.403+0000] {manager.py:740} INFO - There are 1 files in /opt/airflow/dags
[2026-05-30T07:18:18.509+0000] {manager.py:878} INFO - 
================================================================================
DAG File Processing Stats

File Path                                 PID    Runtime      # DAGs    # Errors  Last Runtime    Last Run
----------------------------------------  -----  ---------  --------  ----------  --------------  -------------------
/opt/airflow/dags/master_pipeline_dag.py                           1           0  0.14s           2026-05-30T07:18:12
================================================================================
[2026-05-30T07:36:29.679+0000] {manager.py:737} INFO - Searching for files in /opt/airflow/dags
[2026-05-30T07:36:29.691+0000] {manager.py:740} INFO - There are 1 files in /opt/airflow/dags
[2026-05-30T07:36:36.799+0000] {manager.py:878} INFO - 
================================================================================
DAG File Processing Stats

File Path                                 PID    Runtime      # DAGs    # Errors  Last Runtime    Last Run
----------------------------------------  -----  ---------  --------  ----------  --------------  -------------------
/opt/airflow/dags/master_pipeline_dag.py                           1           0  0.11s           2026-05-30T07:36:29
================================================================================
[2026-05-30T07:40:22.929+0000] {manager.py:878} INFO - 
================================================================================
DAG File Processing Stats

File Path                                 PID    Runtime      # DAGs    # Errors  Last Runtime    Last Run
----------------------------------------  -----  ---------  --------  ----------  --------------  -------------------
/opt/airflow/dags/master_pipeline_dag.py                           1           0  0.10s           2026-05-30T07:40:15
================================================================================
[2026-05-30T07:40:53.267+0000] {manager.py:878} INFO - 
================================================================================
DAG File Processing Stats

File Path                                 PID    Runtime      # DAGs    # Errors  Last Runtime    Last Run
----------------------------------------  -----  ---------  --------  ----------  --------------  -------------------
/opt/airflow/dags/master_pipeline_dag.py                           1           0  0.09s           2026-05-30T07:40:46
================================================================================
[2026-05-30T07:41:23.646+0000] {manager.py:878} INFO - 
================================================================================
DAG File Processing Stats

File Path                                 PID    Runtime      # DAGs    # Errors  Last Runtime    Last Run
----------------------------------------  -----  ---------  --------  ----------  --------------  -------------------
/opt/airflow/dags/master_pipeline_dag.py                           1           0  0.10s           2026-05-30T07:41:16
================================================================================
[2026-05-30T07:41:29.701+0000] {manager.py:737} INFO - Searching for files in /opt/airflow/dags
[2026-05-30T07:41:29.708+0000] {manager.py:740} INFO - There are 1 files in /opt/airflow/dags
[2026-05-30T07:41:53.994+0000] {manager.py:878} INFO - 
================================================================================
DAG File Processing Stats

File Path                                 PID    Runtime      # DAGs    # Errors  Last Runtime    Last Run
----------------------------------------  -----  ---------  --------  ----------  --------------  -------------------
/opt/airflow/dags/master_pipeline_dag.py                           1           0  0.14s           2026-05-30T07:41:47
================================================================================
[2026-05-30T07:42:24.326+0000] {manager.py:878} INFO - 
================================================================================
DAG File Processing Stats

File Path                                 PID    Runtime      # DAGs    # Errors  Last Runtime    Last Run
----------------------------------------  -----  ---------  --------  ----------  --------------  -------------------
/opt/airflow/dags/master_pipeline_dag.py                           1           0  0.10s           2026-05-30T07:42:17
================================================================================
[2026-05-30T07:42:54.672+0000] {manager.py:878} INFO - 
================================================================================
DAG File Processing Stats

File Path                                 PID    Runtime      # DAGs    # Errors  Last Runtime    Last Run
----------------------------------------  -----  ---------  --------  ----------  --------------  -------------------
/opt/airflow/dags/master_pipeline_dag.py                           1           0  0.09s           2026-05-30T07:42:47
================================================================================
[2026-05-30T07:43:25.123+0000] {manager.py:878} INFO - 
================================================================================
DAG File Processing Stats

File Path                                 PID    Runtime      # DAGs    # Errors  Last Runtime    Last Run
----------------------------------------  -----  ---------  --------  ----------  --------------  -------------------
/opt/airflow/dags/master_pipeline_dag.py                           1           0  0.10s           2026-05-30T07:43:18
================================================================================
[2026-05-30T07:43:55.453+0000] {manager.py:878} INFO - 
================================================================================
DAG File Processing Stats

File Path                                 PID    Runtime      # DAGs    # Errors  Last Runtime    Last Run
----------------------------------------  -----  ---------  --------  ----------  --------------  -------------------
/opt/airflow/dags/master_pipeline_dag.py                           1           0  0.09s           2026-05-30T07:43:48
================================================================================
[2026-05-30T07:44:25.762+0000] {manager.py:878} INFO - 
================================================================================
DAG File Processing Stats

File Path                                 PID    Runtime      # DAGs    # Errors  Last Runtime    Last Run
----------------------------------------  -----  ---------  --------  ----------  --------------  -------------------
/opt/airflow/dags/master_pipeline_dag.py                           1           0  0.09s           2026-05-30T07:44:18
================================================================================
[2026-05-30T07:44:56.115+0000] {manager.py:878} INFO - 
================================================================================
DAG File Processing Stats

File Path                                 PID    Runtime      # DAGs    # Errors  Last Runtime    Last Run
----------------------------------------  -----  ---------  --------  ----------  --------------  -------------------
/opt/airflow/dags/master_pipeline_dag.py                           1           0  0.12s           2026-05-30T07:44:49
================================================================================
[2026-05-30T07:45:26.502+0000] {manager.py:878} INFO - 
================================================================================
DAG File Processing Stats

File Path                                 PID    Runtime      # DAGs    # Errors  Last Runtime    Last Run
----------------------------------------  -----  ---------  --------  ----------  --------------  -------------------
/opt/airflow/dags/master_pipeline_dag.py                           1           0  0.12s           2026-05-30T07:45:19
================================================================================
[2026-05-30T07:45:56.850+0000] {manager.py:878} INFO - 
================================================================================
DAG File Processing Stats

File Path                                 PID    Runtime      # DAGs    # Errors  Last Runtime    Last Run
----------------------------------------  -----  ---------  --------  ----------  --------------  -------------------
/opt/airflow/dags/master_pipeline_dag.py                           1           0  0.14s           2026-05-30T07:45:49
================================================================================
[2026-05-30T07:46:27.108+0000] {manager.py:878} INFO - 
================================================================================
DAG File Processing Stats

File Path                                 PID    Runtime      # DAGs    # Errors  Last Runtime    Last Run
----------------------------------------  -----  ---------  --------  ----------  --------------  -------------------
/opt/airflow/dags/master_pipeline_dag.py                           1           0  0.08s           2026-05-30T07:46:20
================================================================================
[2026-05-30T07:46:30.134+0000] {manager.py:737} INFO - Searching for files in /opt/airflow/dags
[2026-05-30T07:46:30.149+0000] {manager.py:740} INFO - There are 1 files in /opt/airflow/dags
[2026-05-30T07:46:57.426+0000] {manager.py:878} INFO - 
================================================================================
DAG File Processing Stats

File Path                                 PID    Runtime      # DAGs    # Errors  Last Runtime    Last Run
----------------------------------------  -----  ---------  --------  ----------  --------------  -------------------
/opt/airflow/dags/master_pipeline_dag.py                           1           0  0.06s           2026-05-30T07:46:50
================================================================================
[2026-05-30T07:47:27.716+0000] {manager.py:878} INFO - 
================================================================================
DAG File Processing Stats

File Path                                 PID    Runtime      # DAGs    # Errors  Last Runtime    Last Run
----------------------------------------  -----  ---------  --------  ----------  --------------  -------------------
/opt/airflow/dags/master_pipeline_dag.py                           1           0  0.08s           2026-05-30T07:47:20
================================================================================
[2026-05-30T07:47:58.022+0000] {manager.py:878} INFO - 
================================================================================
DAG File Processing Stats

File Path                                 PID    Runtime      # DAGs    # Errors  Last Runtime    Last Run
----------------------------------------  -----  ---------  --------  ----------  --------------  -------------------
/opt/airflow/dags/master_pipeline_dag.py                           1           0  0.07s           2026-05-30T07:47:51
================================================================================
[2026-05-30T07:48:28.319+0000] {manager.py:878} INFO - 
================================================================================
DAG File Processing Stats

File Path                                 PID    Runtime      # DAGs    # Errors  Last Runtime    Last Run
----------------------------------------  -----  ---------  --------  ----------  --------------  -------------------
/opt/airflow/dags/master_pipeline_dag.py                           1           0  0.07s           2026-05-30T07:48:21
================================================================================
[2026-05-30T07:48:58.621+0000] {manager.py:878} INFO - 
================================================================================
DAG File Processing Stats

File Path                                 PID    Runtime      # DAGs    # Errors  Last Runtime    Last Run
----------------------------------------  -----  ---------  --------  ----------  --------------  -------------------
/opt/airflow/dags/master_pipeline_dag.py                           1           0  0.09s           2026-05-30T07:48:51
================================================================================
[2026-05-30T07:49:28.926+0000] {manager.py:878} INFO - 
================================================================================
DAG File Processing Stats

File Path                                 PID    Runtime      # DAGs    # Errors  Last Runtime    Last Run
----------------------------------------  -----  ---------  --------  ----------  --------------  -------------------
/opt/airflow/dags/master_pipeline_dag.py                           1           0  0.06s           2026-05-30T07:49:21
================================================================================
[2026-05-30T07:49:59.235+0000] {manager.py:878} INFO - 
================================================================================
DAG File Processing Stats

File Path                                 PID    Runtime      # DAGs    # Errors  Last Runtime    Last Run
----------------------------------------  -----  ---------  --------  ----------  --------------  -------------------
/opt/airflow/dags/master_pipeline_dag.py                           1           0  0.07s           2026-05-30T07:49:52
================================================================================
[2026-05-30T07:50:29.525+0000] {manager.py:878} INFO - 
================================================================================
DAG File Processing Stats

File Path                                 PID    Runtime      # DAGs    # Errors  Last Runtime    Last Run
----------------------------------------  -----  ---------  --------  ----------  --------------  -------------------
/opt/airflow/dags/master_pipeline_dag.py                           1           0  0.07s           2026-05-30T07:50:22
================================================================================
[2026-05-30T07:50:59.827+0000] {manager.py:878} INFO - 
================================================================================
DAG File Processing Stats

File Path                                 PID    Runtime      # DAGs    # Errors  Last Runtime    Last Run
----------------------------------------  -----  ---------  --------  ----------  --------------  -------------------
/opt/airflow/dags/master_pipeline_dag.py                           1           0  0.09s           2026-05-30T07:50:52
================================================================================
[2026-05-30T07:51:30.141+0000] {manager.py:737} INFO - Searching for files in /opt/airflow/dags
[2026-05-30T07:51:30.159+0000] {manager.py:740} INFO - There are 1 files in /opt/airflow/dags
[2026-05-30T07:51:30.167+0000] {manager.py:878} INFO - 
================================================================================
DAG File Processing Stats

File Path                                 PID    Runtime      # DAGs    # Errors  Last Runtime    Last Run
----------------------------------------  -----  ---------  --------  ----------  --------------  -------------------
/opt/airflow/dags/master_pipeline_dag.py                           1           0  0.07s           2026-05-30T07:51:23
================================================================================
[2026-05-30T07:52:00.445+0000] {manager.py:878} INFO - 
================================================================================
DAG File Processing Stats

File Path                                 PID    Runtime      # DAGs    # Errors  Last Runtime    Last Run
----------------------------------------  -----  ---------  --------  ----------  --------------  -------------------
/opt/airflow/dags/master_pipeline_dag.py                           1           0  0.07s           2026-05-30T07:51:53
================================================================================
[2026-05-30T07:52:30.758+0000] {manager.py:878} INFO - 
================================================================================
DAG File Processing Stats

File Path                                 PID    Runtime      # DAGs    # Errors  Last Runtime    Last Run
----------------------------------------  -----  ---------  --------  ----------  --------------  -------------------
/opt/airflow/dags/master_pipeline_dag.py                           1           0  0.06s           2026-05-30T07:52:23
================================================================================
[2026-05-30T07:53:01.054+0000] {manager.py:878} INFO - 
================================================================================
DAG File Processing Stats

File Path                                 PID    Runtime      # DAGs    # Errors  Last Runtime    Last Run
----------------------------------------  -----  ---------  --------  ----------  --------------  -------------------
/opt/airflow/dags/master_pipeline_dag.py                           1           0  0.10s           2026-05-30T07:52:54
================================================================================
[2026-05-30T07:53:31.374+0000] {manager.py:878} INFO - 
================================================================================
DAG File Processing Stats

File Path                                 PID    Runtime      # DAGs    # Errors  Last Runtime    Last Run
----------------------------------------  -----  ---------  --------  ----------  --------------  -------------------
/opt/airflow/dags/master_pipeline_dag.py                           1           0  0.07s           2026-05-30T07:53:24
================================================================================
[2026-05-30T07:54:01.688+0000] {manager.py:878} INFO - 
================================================================================
DAG File Processing Stats

File Path                                 PID    Runtime      # DAGs    # Errors  Last Runtime    Last Run
----------------------------------------  -----  ---------  --------  ----------  --------------  -------------------
/opt/airflow/dags/master_pipeline_dag.py                           1           0  0.07s           2026-05-30T07:53:54
================================================================================
[2026-05-30T07:54:32.085+0000] {manager.py:878} INFO - 
================================================================================
DAG File Processing Stats

File Path                                 PID    Runtime      # DAGs    # Errors  Last Runtime    Last Run
----------------------------------------  -----  ---------  --------  ----------  --------------  -------------------
/opt/airflow/dags/master_pipeline_dag.py                           1           0  0.08s           2026-05-30T07:54:25
================================================================================
[2026-05-30T07:55:02.412+0000] {manager.py:878} INFO - 
================================================================================
DAG File Processing Stats

File Path                                 PID    Runtime      # DAGs    # Errors  Last Runtime    Last Run
----------------------------------------  -----  ---------  --------  ----------  --------------  -------------------
/opt/airflow/dags/master_pipeline_dag.py                           1           0  0.07s           2026-05-30T07:54:55
================================================================================
[2026-05-30T07:55:32.706+0000] {manager.py:878} INFO - 
================================================================================
DAG File Processing Stats

File Path                                 PID    Runtime      # DAGs    # Errors  Last Runtime    Last Run
----------------------------------------  -----  ---------  --------  ----------  --------------  -------------------
/opt/airflow/dags/master_pipeline_dag.py                           1           0  0.08s           2026-05-30T07:55:25
================================================================================
[2026-05-30T07:56:02.970+0000] {manager.py:878} INFO - 
================================================================================
DAG File Processing Stats

File Path                                 PID    Runtime      # DAGs    # Errors  Last Runtime    Last Run
----------------------------------------  -----  ---------  --------  ----------  --------------  -------------------
/opt/airflow/dags/master_pipeline_dag.py                           1           0  0.06s           2026-05-30T07:55:55
================================================================================
[2026-05-30T07:56:30.223+0000] {manager.py:737} INFO - Searching for files in /opt/airflow/dags
[2026-05-30T07:56:30.237+0000] {manager.py:740} INFO - There are 1 files in /opt/airflow/dags
[2026-05-30T07:56:33.278+0000] {manager.py:878} INFO - 
================================================================================
DAG File Processing Stats

File Path                                 PID    Runtime      # DAGs    # Errors  Last Runtime    Last Run
----------------------------------------  -----  ---------  --------  ----------  --------------  -------------------
/opt/airflow/dags/master_pipeline_dag.py                           1           0  0.06s           2026-05-30T07:56:26
================================================================================
[2026-05-30T07:57:03.518+0000] {manager.py:878} INFO - 
================================================================================
DAG File Processing Stats

File Path                                 PID    Runtime      # DAGs    # Errors  Last Runtime    Last Run
----------------------------------------  -----  ---------  --------  ----------  --------------  -------------------
/opt/airflow/dags/master_pipeline_dag.py                           1           0  0.08s           2026-05-30T07:56:56
================================================================================
[2026-05-30T07:57:33.810+0000] {manager.py:878} INFO - 
================================================================================
DAG File Processing Stats

File Path                                 PID    Runtime      # DAGs    # Errors  Last Runtime    Last Run
----------------------------------------  -----  ---------  --------  ----------  --------------  -------------------
/opt/airflow/dags/master_pipeline_dag.py                           1           0  0.07s           2026-05-30T07:57:26
================================================================================
[2026-05-30T07:58:04.126+0000] {manager.py:878} INFO - 
================================================================================
DAG File Processing Stats

File Path                                 PID    Runtime      # DAGs    # Errors  Last Runtime    Last Run
----------------------------------------  -----  ---------  --------  ----------  --------------  -------------------
/opt/airflow/dags/master_pipeline_dag.py                           1           0  0.07s           2026-05-30T07:57:57
================================================================================
[2026-05-30T07:58:34.405+0000] {manager.py:878} INFO - 
================================================================================
DAG File Processing Stats

File Path                                 PID    Runtime      # DAGs    # Errors  Last Runtime    Last Run
----------------------------------------  -----  ---------  --------  ----------  --------------  -------------------
/opt/airflow/dags/master_pipeline_dag.py                           1           0  0.06s           2026-05-30T07:58:27
================================================================================
[2026-05-30T07:59:04.686+0000] {manager.py:878} INFO - 
================================================================================
DAG File Processing Stats

File Path                                 PID    Runtime      # DAGs    # Errors  Last Runtime    Last Run
----------------------------------------  -----  ---------  --------  ----------  --------------  -------------------
/opt/airflow/dags/master_pipeline_dag.py                           1           0  0.08s           2026-05-30T07:58:57
================================================================================
[2026-05-30T07:59:34.999+0000] {manager.py:878} INFO - 
================================================================================
DAG File Processing Stats

File Path                                 PID    Runtime      # DAGs    # Errors  Last Runtime    Last Run
----------------------------------------  -----  ---------  --------  ----------  --------------  -------------------
/opt/airflow/dags/master_pipeline_dag.py                           1           0  0.07s           2026-05-30T07:59:27
================================================================================
[2026-05-30T08:00:05.282+0000] {manager.py:878} INFO - 
================================================================================
DAG File Processing Stats

File Path                                 PID    Runtime      # DAGs    # Errors  Last Runtime    Last Run
----------------------------------------  -----  ---------  --------  ----------  --------------  -------------------
/opt/airflow/dags/master_pipeline_dag.py                           1           0  0.07s           2026-05-30T07:59:58
================================================================================
[2026-05-30T08:00:35.631+0000] {manager.py:878} INFO - 
================================================================================
DAG File Processing Stats

File Path                                 PID    Runtime      # DAGs    # Errors  Last Runtime    Last Run
----------------------------------------  -----  ---------  --------  ----------  --------------  -------------------
/opt/airflow/dags/master_pipeline_dag.py                           1           0  0.08s           2026-05-30T08:00:28
================================================================================
[2026-05-30T08:01:05.984+0000] {manager.py:878} INFO - 
================================================================================
DAG File Processing Stats

File Path                                 PID    Runtime      # DAGs    # Errors  Last Runtime    Last Run
----------------------------------------  -----  ---------  --------  ----------  --------------  -------------------
/opt/airflow/dags/master_pipeline_dag.py                           1           0  0.08s           2026-05-30T08:00:58
================================================================================
[2026-05-30T08:01:30.263+0000] {manager.py:737} INFO - Searching for files in /opt/airflow/dags
[2026-05-30T08:01:30.278+0000] {manager.py:740} INFO - There are 1 files in /opt/airflow/dags
[2026-05-30T08:01:36.339+0000] {manager.py:878} INFO - 
================================================================================
DAG File Processing Stats

File Path                                 PID    Runtime      # DAGs    # Errors  Last Runtime    Last Run
----------------------------------------  -----  ---------  --------  ----------  --------------  -------------------
/opt/airflow/dags/master_pipeline_dag.py                           1           0  0.08s           2026-05-30T08:01:29
================================================================================
[2026-05-30T08:02:06.672+0000] {manager.py:878} INFO - 
================================================================================
DAG File Processing Stats

File Path                                 PID    Runtime      # DAGs    # Errors  Last Runtime    Last Run
----------------------------------------  -----  ---------  --------  ----------  --------------  -------------------
/opt/airflow/dags/master_pipeline_dag.py                           1           0  0.07s           2026-05-30T08:01:59
================================================================================
[2026-05-30T08:02:37.042+0000] {manager.py:878} INFO - 
================================================================================
DAG File Processing Stats

File Path                                 PID    Runtime      # DAGs    # Errors  Last Runtime    Last Run
----------------------------------------  -----  ---------  --------  ----------  --------------  -------------------
/opt/airflow/dags/master_pipeline_dag.py                           1           0  0.07s           2026-05-30T08:02:30
================================================================================
[2026-05-30T08:03:07.436+0000] {manager.py:878} INFO - 
================================================================================
DAG File Processing Stats

File Path                                 PID    Runtime      # DAGs    # Errors  Last Runtime    Last Run
----------------------------------------  -----  ---------  --------  ----------  --------------  -------------------
/opt/airflow/dags/master_pipeline_dag.py                           1           0  0.12s           2026-05-30T08:03:00
================================================================================
[2026-05-30T08:03:37.769+0000] {manager.py:878} INFO - 
================================================================================
DAG File Processing Stats

File Path                                 PID    Runtime      # DAGs    # Errors  Last Runtime    Last Run
----------------------------------------  -----  ---------  --------  ----------  --------------  -------------------
/opt/airflow/dags/master_pipeline_dag.py                           1           0  0.07s           2026-05-30T08:03:30
================================================================================
[2026-05-30T08:04:08.121+0000] {manager.py:878} INFO - 
================================================================================
DAG File Processing Stats

File Path                                 PID    Runtime      # DAGs    # Errors  Last Runtime    Last Run
----------------------------------------  -----  ---------  --------  ----------  --------------  -------------------
/opt/airflow/dags/master_pipeline_dag.py                           1           0  0.13s           2026-05-30T08:04:01
================================================================================
[2026-05-30T08:04:38.403+0000] {manager.py:878} INFO - 
================================================================================
DAG File Processing Stats

File Path                                 PID    Runtime      # DAGs    # Errors  Last Runtime    Last Run
----------------------------------------  -----  ---------  --------  ----------  --------------  -------------------
/opt/airflow/dags/master_pipeline_dag.py                           1           0  0.07s           2026-05-30T08:04:31
================================================================================
[2026-05-30T08:05:08.692+0000] {manager.py:878} INFO - 
================================================================================
DAG File Processing Stats

File Path                                 PID    Runtime      # DAGs    # Errors  Last Runtime    Last Run
----------------------------------------  -----  ---------  --------  ----------  --------------  -------------------
/opt/airflow/dags/master_pipeline_dag.py                           1           0  0.11s           2026-05-30T08:05:01
================================================================================
[2026-05-30T08:05:38.975+0000] {manager.py:878} INFO - 
================================================================================
DAG File Processing Stats

File Path                                 PID    Runtime      # DAGs    # Errors  Last Runtime    Last Run
----------------------------------------  -----  ---------  --------  ----------  --------------  -------------------
/opt/airflow/dags/master_pipeline_dag.py                           1           0  0.08s           2026-05-30T08:05:31
================================================================================
[2026-05-30T08:06:09.256+0000] {manager.py:878} INFO - 
================================================================================
DAG File Processing Stats

File Path                                 PID    Runtime      # DAGs    # Errors  Last Runtime    Last Run
----------------------------------------  -----  ---------  --------  ----------  --------------  -------------------
/opt/airflow/dags/master_pipeline_dag.py                           1           0  0.11s           2026-05-30T08:06:02
================================================================================
[2026-05-30T08:06:30.430+0000] {manager.py:737} INFO - Searching for files in /opt/airflow/dags
[2026-05-30T08:06:30.444+0000] {manager.py:740} INFO - There are 1 files in /opt/airflow/dags
[2026-05-30T08:06:39.551+0000] {manager.py:878} INFO - 
================================================================================
DAG File Processing Stats

File Path                                 PID    Runtime      # DAGs    # Errors  Last Runtime    Last Run
----------------------------------------  -----  ---------  --------  ----------  --------------  -------------------
/opt/airflow/dags/master_pipeline_dag.py                           1           0  0.07s           2026-05-30T08:06:32
================================================================================
[2026-05-30T08:07:09.875+0000] {manager.py:878} INFO - 
================================================================================
DAG File Processing Stats

File Path                                 PID    Runtime      # DAGs    # Errors  Last Runtime    Last Run
----------------------------------------  -----  ---------  --------  ----------  --------------  -------------------
/opt/airflow/dags/master_pipeline_dag.py                           1           0  0.11s           2026-05-30T08:07:02
================================================================================
[2026-05-30T08:07:40.168+0000] {manager.py:878} INFO - 
================================================================================
DAG File Processing Stats

File Path                                 PID    Runtime      # DAGs    # Errors  Last Runtime    Last Run
----------------------------------------  -----  ---------  --------  ----------  --------------  -------------------
/opt/airflow/dags/master_pipeline_dag.py                           1           0  0.09s           2026-05-30T08:07:33
================================================================================
[2026-05-30T08:08:10.443+0000] {manager.py:878} INFO - 
================================================================================
DAG File Processing Stats

File Path                                 PID    Runtime      # DAGs    # Errors  Last Runtime    Last Run
----------------------------------------  -----  ---------  --------  ----------  --------------  -------------------
/opt/airflow/dags/master_pipeline_dag.py                           1           0  0.08s           2026-05-30T08:08:03
================================================================================
[2026-05-30T08:08:40.705+0000] {manager.py:878} INFO - 
================================================================================
DAG File Processing Stats

File Path                                 PID    Runtime      # DAGs    # Errors  Last Runtime    Last Run
----------------------------------------  -----  ---------  --------  ----------  --------------  -------------------
/opt/airflow/dags/master_pipeline_dag.py                           1           0  0.08s           2026-05-30T08:08:33
================================================================================
[2026-05-30T08:09:10.987+0000] {manager.py:878} INFO - 
================================================================================
DAG File Processing Stats

File Path                                 PID    Runtime      # DAGs    # Errors  Last Runtime    Last Run
----------------------------------------  -----  ---------  --------  ----------  --------------  -------------------
/opt/airflow/dags/master_pipeline_dag.py                           1           0  0.10s           2026-05-30T08:09:03
================================================================================
[2026-05-30T08:09:41.288+0000] {manager.py:878} INFO - 
================================================================================
DAG File Processing Stats

File Path                                 PID    Runtime      # DAGs    # Errors  Last Runtime    Last Run
----------------------------------------  -----  ---------  --------  ----------  --------------  -------------------
/opt/airflow/dags/master_pipeline_dag.py                           1           0  0.07s           2026-05-30T08:09:34
================================================================================
[2026-05-30T08:10:11.560+0000] {manager.py:878} INFO - 
================================================================================
DAG File Processing Stats

File Path                                 PID    Runtime      # DAGs    # Errors  Last Runtime    Last Run
----------------------------------------  -----  ---------  --------  ----------  --------------  -------------------
/opt/airflow/dags/master_pipeline_dag.py                           1           0  0.10s           2026-05-30T08:10:04
================================================================================
[2026-05-30T08:10:41.863+0000] {manager.py:878} INFO - 
================================================================================
DAG File Processing Stats

File Path                                 PID    Runtime      # DAGs    # Errors  Last Runtime    Last Run
----------------------------------------  -----  ---------  --------  ----------  --------------  -------------------
/opt/airflow/dags/master_pipeline_dag.py                           1           0  0.07s           2026-05-30T08:10:34
================================================================================
[2026-05-30T08:11:12.193+0000] {manager.py:878} INFO - 
================================================================================
DAG File Processing Stats

File Path                                 PID    Runtime      # DAGs    # Errors  Last Runtime    Last Run
----------------------------------------  -----  ---------  --------  ----------  --------------  -------------------
/opt/airflow/dags/master_pipeline_dag.py                           1           0  0.12s           2026-05-30T08:11:05
================================================================================
[2026-05-30T08:11:31.369+0000] {manager.py:737} INFO - Searching for files in /opt/airflow/dags
[2026-05-30T08:11:31.384+0000] {manager.py:740} INFO - There are 1 files in /opt/airflow/dags
[2026-05-30T08:11:42.516+0000] {manager.py:878} INFO - 
================================================================================
DAG File Processing Stats

File Path                                 PID    Runtime      # DAGs    # Errors  Last Runtime    Last Run
----------------------------------------  -----  ---------  --------  ----------  --------------  -------------------
/opt/airflow/dags/master_pipeline_dag.py                           1           0  0.10s           2026-05-30T08:11:35
================================================================================
[2026-05-30T08:12:12.810+0000] {manager.py:878} INFO - 
================================================================================
DAG File Processing Stats

File Path                                 PID    Runtime      # DAGs    # Errors  Last Runtime    Last Run
----------------------------------------  -----  ---------  --------  ----------  --------------  -------------------
/opt/airflow/dags/master_pipeline_dag.py                           1           0  0.07s           2026-05-30T08:12:05
================================================================================
[2026-05-30T08:12:43.141+0000] {manager.py:878} INFO - 
================================================================================
DAG File Processing Stats

File Path                                 PID    Runtime      # DAGs    # Errors  Last Runtime    Last Run
----------------------------------------  -----  ---------  --------  ----------  --------------  -------------------
/opt/airflow/dags/master_pipeline_dag.py                           1           0  0.13s           2026-05-30T08:12:36
================================================================================
[2026-05-30T08:13:13.456+0000] {manager.py:878} INFO - 
================================================================================
DAG File Processing Stats

File Path                                 PID    Runtime      # DAGs    # Errors  Last Runtime    Last Run
----------------------------------------  -----  ---------  --------  ----------  --------------  -------------------
/opt/airflow/dags/master_pipeline_dag.py                           1           0  0.07s           2026-05-30T08:13:06
================================================================================
[2026-05-30T08:13:43.779+0000] {manager.py:878} INFO - 
================================================================================
DAG File Processing Stats

File Path                                 PID    Runtime      # DAGs    # Errors  Last Runtime    Last Run
----------------------------------------  -----  ---------  --------  ----------  --------------  -------------------
/opt/airflow/dags/master_pipeline_dag.py                           1           0  0.07s           2026-05-30T08:13:36
================================================================================
[2026-05-30T08:14:14.098+0000] {manager.py:878} INFO - 
================================================================================
DAG File Processing Stats

File Path                                 PID    Runtime      # DAGs    # Errors  Last Runtime    Last Run
----------------------------------------  -----  ---------  --------  ----------  --------------  -------------------
/opt/airflow/dags/master_pipeline_dag.py                           1           0  0.08s           2026-05-30T08:14:07
================================================================================
[2026-05-30T08:14:44.404+0000] {manager.py:878} INFO - 
================================================================================
DAG File Processing Stats

File Path                                 PID    Runtime      # DAGs    # Errors  Last Runtime    Last Run
----------------------------------------  -----  ---------  --------  ----------  --------------  -------------------
/opt/airflow/dags/master_pipeline_dag.py                           1           0  0.07s           2026-05-30T08:14:37
================================================================================
[2026-05-30T08:15:14.700+0000] {manager.py:878} INFO - 
================================================================================
DAG File Processing Stats

File Path                                 PID    Runtime      # DAGs    # Errors  Last Runtime    Last Run
----------------------------------------  -----  ---------  --------  ----------  --------------  -------------------
/opt/airflow/dags/master_pipeline_dag.py                           1           0  0.06s           2026-05-30T08:15:07
================================================================================
[2026-05-30T08:15:45.451+0000] {manager.py:878} INFO - 
================================================================================
DAG File Processing Stats

File Path                                 PID    Runtime      # DAGs    # Errors  Last Runtime    Last Run
----------------------------------------  -----  ---------  --------  ----------  --------------  -------------------
/opt/airflow/dags/master_pipeline_dag.py                           1           0  0.10s           2026-05-30T08:15:38
================================================================================
[2026-05-30T08:16:15.737+0000] {manager.py:878} INFO - 
================================================================================
DAG File Processing Stats

File Path                                 PID    Runtime      # DAGs    # Errors  Last Runtime    Last Run
----------------------------------------  -----  ---------  --------  ----------  --------------  -------------------
/opt/airflow/dags/master_pipeline_dag.py                           1           0  0.07s           2026-05-30T08:16:08
================================================================================
[2026-05-30T08:16:31.866+0000] {manager.py:737} INFO - Searching for files in /opt/airflow/dags
[2026-05-30T08:16:31.870+0000] {manager.py:740} INFO - There are 1 files in /opt/airflow/dags
[2026-05-30T08:16:46.001+0000] {manager.py:878} INFO - 
================================================================================
DAG File Processing Stats

File Path                                 PID    Runtime      # DAGs    # Errors  Last Runtime    Last Run
----------------------------------------  -----  ---------  --------  ----------  --------------  -------------------
/opt/airflow/dags/master_pipeline_dag.py                           1           0  0.07s           2026-05-30T08:16:39
================================================================================
[2026-05-30T08:17:16.247+0000] {manager.py:878} INFO - 
================================================================================
DAG File Processing Stats

File Path                                 PID    Runtime      # DAGs    # Errors  Last Runtime    Last Run
----------------------------------------  -----  ---------  --------  ----------  --------------  -------------------
/opt/airflow/dags/master_pipeline_dag.py                           1           0  0.09s           2026-05-30T08:17:09
================================================================================
[2026-05-30T08:17:46.541+0000] {manager.py:878} INFO - 
================================================================================
DAG File Processing Stats

File Path                                 PID    Runtime      # DAGs    # Errors  Last Runtime    Last Run
----------------------------------------  -----  ---------  --------  ----------  --------------  -------------------
/opt/airflow/dags/master_pipeline_dag.py                           1           0  0.07s           2026-05-30T08:17:39
================================================================================
[2026-05-30T08:18:16.817+0000] {manager.py:878} INFO - 
================================================================================
DAG File Processing Stats

File Path                                 PID    Runtime      # DAGs    # Errors  Last Runtime    Last Run
----------------------------------------  -----  ---------  --------  ----------  --------------  -------------------
/opt/airflow/dags/master_pipeline_dag.py                           1           0  0.07s           2026-05-30T08:18:09
================================================================================
[2026-05-30T08:18:47.096+0000] {manager.py:878} INFO - 
================================================================================
DAG File Processing Stats

File Path                                 PID    Runtime      # DAGs    # Errors  Last Runtime    Last Run
----------------------------------------  -----  ---------  --------  ----------  --------------  -------------------
/opt/airflow/dags/master_pipeline_dag.py                           1           0  0.09s           2026-05-30T08:18:40
================================================================================
[2026-05-30T08:19:17.379+0000] {manager.py:878} INFO - 
================================================================================
DAG File Processing Stats

File Path                                 PID    Runtime      # DAGs    # Errors  Last Runtime    Last Run
----------------------------------------  -----  ---------  --------  ----------  --------------  -------------------
/opt/airflow/dags/master_pipeline_dag.py                           1           0  0.07s           2026-05-30T08:19:10
================================================================================
[2026-05-30T08:19:47.643+0000] {manager.py:878} INFO - 
================================================================================
DAG File Processing Stats

File Path                                 PID    Runtime      # DAGs    # Errors  Last Runtime    Last Run
----------------------------------------  -----  ---------  --------  ----------  --------------  -------------------
/opt/airflow/dags/master_pipeline_dag.py                           1           0  0.07s           2026-05-30T08:19:40
================================================================================
[2026-05-30T08:20:17.927+0000] {manager.py:878} INFO - 
================================================================================
DAG File Processing Stats

File Path                                 PID    Runtime      # DAGs    # Errors  Last Runtime    Last Run
----------------------------------------  -----  ---------  --------  ----------  --------------  -------------------
/opt/airflow/dags/master_pipeline_dag.py                           1           0  0.10s           2026-05-30T08:20:10
================================================================================
[2026-05-30T08:20:48.229+0000] {manager.py:878} INFO - 
================================================================================
DAG File Processing Stats

File Path                                 PID    Runtime      # DAGs    # Errors  Last Runtime    Last Run
----------------------------------------  -----  ---------  --------  ----------  --------------  -------------------
/opt/airflow/dags/master_pipeline_dag.py                           1           0  0.07s           2026-05-30T08:20:41
================================================================================
[2026-05-30T08:21:18.559+0000] {manager.py:878} INFO - 
================================================================================
DAG File Processing Stats

File Path                                 PID    Runtime      # DAGs    # Errors  Last Runtime    Last Run
----------------------------------------  -----  ---------  --------  ----------  --------------  -------------------
/opt/airflow/dags/master_pipeline_dag.py                           1           0  0.07s           2026-05-30T08:21:11
================================================================================
[2026-05-30T08:21:32.724+0000] {manager.py:737} INFO - Searching for files in /opt/airflow/dags
[2026-05-30T08:21:32.733+0000] {manager.py:740} INFO - There are 1 files in /opt/airflow/dags
[2026-05-30T08:21:48.949+0000] {manager.py:878} INFO - 
================================================================================
DAG File Processing Stats

File Path                                 PID    Runtime      # DAGs    # Errors  Last Runtime    Last Run
----------------------------------------  -----  ---------  --------  ----------  --------------  -------------------
/opt/airflow/dags/master_pipeline_dag.py                           1           0  0.06s           2026-05-30T08:21:41
================================================================================
[2026-05-30T08:22:19.320+0000] {manager.py:878} INFO - 
================================================================================
DAG File Processing Stats

File Path                                 PID    Runtime      # DAGs    # Errors  Last Runtime    Last Run
----------------------------------------  -----  ---------  --------  ----------  --------------  -------------------
/opt/airflow/dags/master_pipeline_dag.py                           1           0  0.12s           2026-05-30T08:22:12
================================================================================
[2026-05-30T08:22:49.694+0000] {manager.py:878} INFO - 
================================================================================
DAG File Processing Stats

File Path                                 PID    Runtime      # DAGs    # Errors  Last Runtime    Last Run
----------------------------------------  -----  ---------  --------  ----------  --------------  -------------------
/opt/airflow/dags/master_pipeline_dag.py                           1           0  0.07s           2026-05-30T08:22:42
================================================================================
[2026-05-30T08:23:20.031+0000] {manager.py:878} INFO - 
================================================================================
DAG File Processing Stats

File Path                                 PID    Runtime      # DAGs    # Errors  Last Runtime    Last Run
----------------------------------------  -----  ---------  --------  ----------  --------------  -------------------
/opt/airflow/dags/master_pipeline_dag.py                           1           0  0.08s           2026-05-30T08:23:13
================================================================================
[2026-05-30T08:23:50.351+0000] {manager.py:878} INFO - 
================================================================================
DAG File Processing Stats

File Path                                 PID    Runtime      # DAGs    # Errors  Last Runtime    Last Run
----------------------------------------  -----  ---------  --------  ----------  --------------  -------------------
/opt/airflow/dags/master_pipeline_dag.py                           1           0  0.10s           2026-05-30T08:23:43
================================================================================
[2026-05-30T08:24:20.670+0000] {manager.py:878} INFO - 
================================================================================
DAG File Processing Stats

File Path                                 PID    Runtime      # DAGs    # Errors  Last Runtime    Last Run
----------------------------------------  -----  ---------  --------  ----------  --------------  -------------------
/opt/airflow/dags/master_pipeline_dag.py                           1           0  0.07s           2026-05-30T08:24:13
================================================================================
[2026-05-30T08:24:50.978+0000] {manager.py:878} INFO - 
================================================================================
DAG File Processing Stats

File Path                                 PID    Runtime      # DAGs    # Errors  Last Runtime    Last Run
----------------------------------------  -----  ---------  --------  ----------  --------------  -------------------
/opt/airflow/dags/master_pipeline_dag.py                           1           0  0.07s           2026-05-30T08:24:43
================================================================================
[2026-05-30T08:25:21.259+0000] {manager.py:878} INFO - 
================================================================================
DAG File Processing Stats

File Path                                 PID    Runtime      # DAGs    # Errors  Last Runtime    Last Run
----------------------------------------  -----  ---------  --------  ----------  --------------  -------------------
/opt/airflow/dags/master_pipeline_dag.py                           1           0  0.06s           2026-05-30T08:25:14
================================================================================
[2026-05-30T08:25:51.580+0000] {manager.py:878} INFO - 
================================================================================
DAG File Processing Stats

File Path                                 PID    Runtime      # DAGs    # Errors  Last Runtime    Last Run
----------------------------------------  -----  ---------  --------  ----------  --------------  -------------------
/opt/airflow/dags/master_pipeline_dag.py                           1           0  0.09s           2026-05-30T08:25:44
================================================================================
[2026-05-30T08:26:21.894+0000] {manager.py:878} INFO - 
================================================================================
DAG File Processing Stats

File Path                                 PID    Runtime      # DAGs    # Errors  Last Runtime    Last Run
----------------------------------------  -----  ---------  --------  ----------  --------------  -------------------
/opt/airflow/dags/master_pipeline_dag.py                           1           0  0.08s           2026-05-30T08:26:14
================================================================================
[2026-05-30T08:26:32.997+0000] {manager.py:737} INFO - Searching for files in /opt/airflow/dags
[2026-05-30T08:26:33.012+0000] {manager.py:740} INFO - There are 1 files in /opt/airflow/dags
[2026-05-30T08:26:52.239+0000] {manager.py:878} INFO - 
================================================================================
DAG File Processing Stats

File Path                                 PID    Runtime      # DAGs    # Errors  Last Runtime    Last Run
----------------------------------------  -----  ---------  --------  ----------  --------------  -------------------
/opt/airflow/dags/master_pipeline_dag.py                           1           0  0.07s           2026-05-30T08:26:45
================================================================================
[2026-05-30T08:27:22.538+0000] {manager.py:878} INFO - 
================================================================================
DAG File Processing Stats

File Path                                 PID    Runtime      # DAGs    # Errors  Last Runtime    Last Run
----------------------------------------  -----  ---------  --------  ----------  --------------  -------------------
/opt/airflow/dags/master_pipeline_dag.py                           1           0  0.08s           2026-05-30T08:27:15
================================================================================
[2026-05-30T08:27:52.864+0000] {manager.py:878} INFO - 
================================================================================
DAG File Processing Stats

File Path                                 PID    Runtime      # DAGs    # Errors  Last Runtime    Last Run
----------------------------------------  -----  ---------  --------  ----------  --------------  -------------------
/opt/airflow/dags/master_pipeline_dag.py                           1           0  0.09s           2026-05-30T08:27:45
================================================================================
[2026-05-30T08:28:23.142+0000] {manager.py:878} INFO - 
================================================================================
DAG File Processing Stats

File Path                                 PID    Runtime      # DAGs    # Errors  Last Runtime    Last Run
----------------------------------------  -----  ---------  --------  ----------  --------------  -------------------
/opt/airflow/dags/master_pipeline_dag.py                           1           0  0.10s           2026-05-30T08:28:16
================================================================================
[2026-05-30T08:28:53.411+0000] {manager.py:878} INFO - 
================================================================================
DAG File Processing Stats

File Path                                 PID    Runtime      # DAGs    # Errors  Last Runtime    Last Run
----------------------------------------  -----  ---------  --------  ----------  --------------  -------------------
/opt/airflow/dags/master_pipeline_dag.py                           1           0  0.07s           2026-05-30T08:28:46
================================================================================
[2026-05-30T08:29:23.737+0000] {manager.py:878} INFO - 
================================================================================
DAG File Processing Stats

File Path                                 PID    Runtime      # DAGs    # Errors  Last Runtime    Last Run
----------------------------------------  -----  ---------  --------  ----------  --------------  -------------------
/opt/airflow/dags/master_pipeline_dag.py                           1           0  0.07s           2026-05-30T08:29:16
================================================================================
[2026-05-30T08:29:54.073+0000] {manager.py:878} INFO - 
================================================================================
DAG File Processing Stats

File Path                                 PID    Runtime      # DAGs    # Errors  Last Runtime    Last Run
----------------------------------------  -----  ---------  --------  ----------  --------------  -------------------
/opt/airflow/dags/master_pipeline_dag.py                           1           0  0.10s           2026-05-30T08:29:47
================================================================================
[2026-05-30T08:30:24.398+0000] {manager.py:878} INFO - 
================================================================================
DAG File Processing Stats

File Path                                 PID    Runtime      # DAGs    # Errors  Last Runtime    Last Run
----------------------------------------  -----  ---------  --------  ----------  --------------  -------------------
/opt/airflow/dags/master_pipeline_dag.py                           1           0  0.08s           2026-05-30T08:30:17
================================================================================
[2026-05-30T08:30:54.711+0000] {manager.py:878} INFO - 
================================================================================
DAG File Processing Stats

File Path                                 PID    Runtime      # DAGs    # Errors  Last Runtime    Last Run
----------------------------------------  -----  ---------  --------  ----------  --------------  -------------------
/opt/airflow/dags/master_pipeline_dag.py                           1           0  0.08s           2026-05-30T08:30:47
================================================================================
[2026-05-30T08:31:25.071+0000] {manager.py:878} INFO - 
================================================================================
DAG File Processing Stats

File Path                                 PID    Runtime      # DAGs    # Errors  Last Runtime    Last Run
----------------------------------------  -----  ---------  --------  ----------  --------------  -------------------
/opt/airflow/dags/master_pipeline_dag.py                           1           0  0.10s           2026-05-30T08:31:18
================================================================================
[2026-05-30T08:31:33.144+0000] {manager.py:737} INFO - Searching for files in /opt/airflow/dags
[2026-05-30T08:31:33.154+0000] {manager.py:740} INFO - There are 1 files in /opt/airflow/dags
[2026-05-30T08:31:55.459+0000] {manager.py:878} INFO - 
================================================================================
DAG File Processing Stats

File Path                                 PID    Runtime      # DAGs    # Errors  Last Runtime    Last Run
----------------------------------------  -----  ---------  --------  ----------  --------------  -------------------
/opt/airflow/dags/master_pipeline_dag.py                           1           0  0.15s           2026-05-30T08:31:48
================================================================================
[2026-05-30T08:32:25.752+0000] {manager.py:878} INFO - 
================================================================================
DAG File Processing Stats

File Path                                 PID    Runtime      # DAGs    # Errors  Last Runtime    Last Run
----------------------------------------  -----  ---------  --------  ----------  --------------  -------------------
/opt/airflow/dags/master_pipeline_dag.py                           1           0  0.14s           2026-05-30T08:32:18
================================================================================
[2026-05-30T08:32:56.067+0000] {manager.py:878} INFO - 
================================================================================
DAG File Processing Stats

File Path                                 PID    Runtime      # DAGs    # Errors  Last Runtime    Last Run
----------------------------------------  -----  ---------  --------  ----------  --------------  -------------------
/opt/airflow/dags/master_pipeline_dag.py                           1           0  0.10s           2026-05-30T08:32:49
================================================================================
[2026-05-30T08:33:26.357+0000] {manager.py:878} INFO - 
================================================================================
DAG File Processing Stats

File Path                                 PID    Runtime      # DAGs    # Errors  Last Runtime    Last Run
----------------------------------------  -----  ---------  --------  ----------  --------------  -------------------
/opt/airflow/dags/master_pipeline_dag.py                           1           0  0.09s           2026-05-30T08:33:19
================================================================================
[2026-05-30T08:33:56.884+0000] {manager.py:878} INFO - 
================================================================================
DAG File Processing Stats

File Path                                 PID    Runtime      # DAGs    # Errors  Last Runtime    Last Run
----------------------------------------  -----  ---------  --------  ----------  --------------  -------------------
/opt/airflow/dags/master_pipeline_dag.py                           1           0  0.14s           2026-05-30T08:33:49
================================================================================
[2026-05-30T08:34:27.282+0000] {manager.py:878} INFO - 
================================================================================
DAG File Processing Stats

File Path                                 PID    Runtime      # DAGs    # Errors  Last Runtime    Last Run
----------------------------------------  -----  ---------  --------  ----------  --------------  -------------------
/opt/airflow/dags/master_pipeline_dag.py                           1           0  0.16s           2026-05-30T08:34:20
================================================================================
[2026-05-30T08:34:57.560+0000] {manager.py:878} INFO - 
================================================================================
DAG File Processing Stats

File Path                                 PID    Runtime      # DAGs    # Errors  Last Runtime    Last Run
----------------------------------------  -----  ---------  --------  ----------  --------------  -------------------
/opt/airflow/dags/master_pipeline_dag.py                           1           0  0.10s           2026-05-30T08:34:50
================================================================================
[2026-05-30T08:35:27.865+0000] {manager.py:878} INFO - 
================================================================================
DAG File Processing Stats

File Path                                 PID    Runtime      # DAGs    # Errors  Last Runtime    Last Run
----------------------------------------  -----  ---------  --------  ----------  --------------  -------------------
/opt/airflow/dags/master_pipeline_dag.py                           1           0  0.07s           2026-05-30T08:35:20
================================================================================
[2026-05-30T08:35:58.125+0000] {manager.py:878} INFO - 
================================================================================
DAG File Processing Stats

File Path                                 PID    Runtime      # DAGs    # Errors  Last Runtime    Last Run
----------------------------------------  -----  ---------  --------  ----------  --------------  -------------------
/opt/airflow/dags/master_pipeline_dag.py                           1           0  0.07s           2026-05-30T08:35:51
================================================================================
[2026-05-30T08:36:28.433+0000] {manager.py:878} INFO - 
================================================================================
DAG File Processing Stats

File Path                                 PID    Runtime      # DAGs    # Errors  Last Runtime    Last Run
----------------------------------------  -----  ---------  --------  ----------  --------------  -------------------
/opt/airflow/dags/master_pipeline_dag.py                           1           0  0.13s           2026-05-30T08:36:21
================================================================================
[2026-05-30T08:36:33.481+0000] {manager.py:737} INFO - Searching for files in /opt/airflow/dags
[2026-05-30T08:36:33.496+0000] {manager.py:740} INFO - There are 1 files in /opt/airflow/dags
[2026-05-30T08:36:58.743+0000] {manager.py:878} INFO - 
================================================================================
DAG File Processing Stats

File Path                                 PID    Runtime      # DAGs    # Errors  Last Runtime    Last Run
----------------------------------------  -----  ---------  --------  ----------  --------------  -------------------
/opt/airflow/dags/master_pipeline_dag.py                           1           0  0.07s           2026-05-30T08:36:51
================================================================================
[2026-05-30T08:37:29.043+0000] {manager.py:878} INFO - 
================================================================================
DAG File Processing Stats

File Path                                 PID    Runtime      # DAGs    # Errors  Last Runtime    Last Run
----------------------------------------  -----  ---------  --------  ----------  --------------  -------------------
/opt/airflow/dags/master_pipeline_dag.py                           1           0  0.11s           2026-05-30T08:37:22
================================================================================
[2026-05-30T08:37:59.379+0000] {manager.py:878} INFO - 
================================================================================
DAG File Processing Stats

File Path                                 PID    Runtime      # DAGs    # Errors  Last Runtime    Last Run
----------------------------------------  -----  ---------  --------  ----------  --------------  -------------------
/opt/airflow/dags/master_pipeline_dag.py                           1           0  0.07s           2026-05-30T08:37:52
================================================================================
[2026-05-30T08:38:29.660+0000] {manager.py:878} INFO - 
================================================================================
DAG File Processing Stats

File Path                                 PID    Runtime      # DAGs    # Errors  Last Runtime    Last Run
----------------------------------------  -----  ---------  --------  ----------  --------------  -------------------
/opt/airflow/dags/master_pipeline_dag.py                           1           0  0.09s           2026-05-30T08:38:22
================================================================================
[2026-05-30T08:38:59.962+0000] {manager.py:878} INFO - 
================================================================================
DAG File Processing Stats

File Path                                 PID    Runtime      # DAGs    # Errors  Last Runtime    Last Run
----------------------------------------  -----  ---------  --------  ----------  --------------  -------------------
/opt/airflow/dags/master_pipeline_dag.py                           1           0  0.09s           2026-05-30T08:38:52
================================================================================
[2026-05-30T08:39:30.349+0000] {manager.py:878} INFO - 
================================================================================
DAG File Processing Stats

File Path                                 PID    Runtime      # DAGs    # Errors  Last Runtime    Last Run
----------------------------------------  -----  ---------  --------  ----------  --------------  -------------------
/opt/airflow/dags/master_pipeline_dag.py                           1           0  0.09s           2026-05-30T08:39:23
================================================================================
[2026-05-30T08:40:00.662+0000] {manager.py:878} INFO - 
================================================================================
DAG File Processing Stats

File Path                                 PID    Runtime      # DAGs    # Errors  Last Runtime    Last Run
----------------------------------------  -----  ---------  --------  ----------  --------------  -------------------
/opt/airflow/dags/master_pipeline_dag.py                           1           0  0.09s           2026-05-30T08:39:53
================================================================================
[2026-05-30T08:40:31.000+0000] {manager.py:878} INFO - 
================================================================================
DAG File Processing Stats

File Path                                 PID    Runtime      # DAGs    # Errors  Last Runtime    Last Run
----------------------------------------  -----  ---------  --------  ----------  --------------  -------------------
/opt/airflow/dags/master_pipeline_dag.py                           1           0  0.07s           2026-05-30T08:40:23
================================================================================
[2026-05-30T08:41:01.284+0000] {manager.py:878} INFO - 
================================================================================
DAG File Processing Stats

File Path                                 PID    Runtime      # DAGs    # Errors  Last Runtime    Last Run
----------------------------------------  -----  ---------  --------  ----------  --------------  -------------------
/opt/airflow/dags/master_pipeline_dag.py                           1           0  0.05s           2026-05-30T08:40:54
================================================================================
[2026-05-30T08:41:31.596+0000] {manager.py:878} INFO - 
================================================================================
DAG File Processing Stats

File Path                                 PID    Runtime      # DAGs    # Errors  Last Runtime    Last Run
----------------------------------------  -----  ---------  --------  ----------  --------------  -------------------
/opt/airflow/dags/master_pipeline_dag.py                           1           0  0.12s           2026-05-30T08:41:24
================================================================================
[2026-05-30T08:41:33.610+0000] {manager.py:737} INFO - Searching for files in /opt/airflow/dags
[2026-05-30T08:41:33.616+0000] {manager.py:740} INFO - There are 1 files in /opt/airflow/dags
[2026-05-30T08:42:01.939+0000] {manager.py:878} INFO - 
================================================================================
DAG File Processing Stats

File Path                                 PID    Runtime      # DAGs    # Errors  Last Runtime    Last Run
----------------------------------------  -----  ---------  --------  ----------  --------------  -------------------
/opt/airflow/dags/master_pipeline_dag.py                           1           0  0.11s           2026-05-30T08:41:54
================================================================================
[2026-05-30T08:42:32.256+0000] {manager.py:878} INFO - 
================================================================================
DAG File Processing Stats

File Path                                 PID    Runtime      # DAGs    # Errors  Last Runtime    Last Run
----------------------------------------  -----  ---------  --------  ----------  --------------  -------------------
/opt/airflow/dags/master_pipeline_dag.py                           1           0  0.07s           2026-05-30T08:42:25
================================================================================
[2026-05-30T08:43:02.584+0000] {manager.py:878} INFO - 
================================================================================
DAG File Processing Stats

File Path                                 PID    Runtime      # DAGs    # Errors  Last Runtime    Last Run
----------------------------------------  -----  ---------  --------  ----------  --------------  -------------------
/opt/airflow/dags/master_pipeline_dag.py                           1           0  0.10s           2026-05-30T08:42:55
================================================================================
[2026-05-30T08:43:33.189+0000] {manager.py:878} INFO - 
================================================================================
DAG File Processing Stats

File Path                                 PID    Runtime      # DAGs    # Errors  Last Runtime    Last Run
----------------------------------------  -----  ---------  --------  ----------  --------------  -------------------
/opt/airflow/dags/master_pipeline_dag.py                           1           0  0.10s           2026-05-30T08:43:26
================================================================================
[2026-05-30T08:44:03.529+0000] {manager.py:878} INFO - 
================================================================================
DAG File Processing Stats

File Path                                 PID    Runtime      # DAGs    # Errors  Last Runtime    Last Run
----------------------------------------  -----  ---------  --------  ----------  --------------  -------------------
/opt/airflow/dags/master_pipeline_dag.py                           1           0  0.14s           2026-05-30T08:43:56
================================================================================
[2026-05-30T08:44:33.925+0000] {manager.py:878} INFO - 
================================================================================
DAG File Processing Stats

File Path                                 PID    Runtime      # DAGs    # Errors  Last Runtime    Last Run
----------------------------------------  -----  ---------  --------  ----------  --------------  -------------------
/opt/airflow/dags/master_pipeline_dag.py                           1           0  0.15s           2026-05-30T08:44:26
================================================================================
[2026-05-30T08:45:04.327+0000] {manager.py:878} INFO - 
================================================================================
DAG File Processing Stats

File Path                                 PID    Runtime      # DAGs    # Errors  Last Runtime    Last Run
----------------------------------------  -----  ---------  --------  ----------  --------------  -------------------
/opt/airflow/dags/master_pipeline_dag.py                           1           0  0.13s           2026-05-30T08:44:57
================================================================================
[2026-05-30T08:45:34.630+0000] {manager.py:878} INFO - 
================================================================================
DAG File Processing Stats

File Path                                 PID    Runtime      # DAGs    # Errors  Last Runtime    Last Run
----------------------------------------  -----  ---------  --------  ----------  --------------  -------------------
/opt/airflow/dags/master_pipeline_dag.py                           1           0  0.23s           2026-05-30T08:45:27
================================================================================
[2026-05-30T08:46:05.138+0000] {manager.py:878} INFO - 
================================================================================
DAG File Processing Stats

File Path                                 PID    Runtime      # DAGs    # Errors  Last Runtime    Last Run
----------------------------------------  -----  ---------  --------  ----------  --------------  -------------------
/opt/airflow/dags/master_pipeline_dag.py                           1           0  0.26s           2026-05-30T08:45:58
================================================================================
[2026-05-30T08:46:33.695+0000] {manager.py:737} INFO - Searching for files in /opt/airflow/dags
[2026-05-30T08:46:33.710+0000] {manager.py:740} INFO - There are 1 files in /opt/airflow/dags
[2026-05-30T08:46:35.606+0000] {manager.py:878} INFO - 
================================================================================
DAG File Processing Stats

File Path                                 PID    Runtime      # DAGs    # Errors  Last Runtime    Last Run
----------------------------------------  -----  ---------  --------  ----------  --------------  -------------------
/opt/airflow/dags/master_pipeline_dag.py                           1           0  0.17s           2026-05-30T08:46:28
================================================================================
[2026-05-30T08:47:05.992+0000] {manager.py:878} INFO - 
================================================================================
DAG File Processing Stats

File Path                                 PID    Runtime      # DAGs    # Errors  Last Runtime    Last Run
----------------------------------------  -----  ---------  --------  ----------  --------------  -------------------
/opt/airflow/dags/master_pipeline_dag.py                           1           0  0.13s           2026-05-30T08:46:58
================================================================================
[2026-05-30T08:47:36.371+0000] {manager.py:878} INFO - 
================================================================================
DAG File Processing Stats

File Path                                 PID    Runtime      # DAGs    # Errors  Last Runtime    Last Run
----------------------------------------  -----  ---------  --------  ----------  --------------  -------------------
/opt/airflow/dags/master_pipeline_dag.py                           1           0  0.10s           2026-05-30T08:47:29
================================================================================
[2026-05-30T08:48:06.755+0000] {manager.py:878} INFO - 
================================================================================
DAG File Processing Stats

File Path                                 PID    Runtime      # DAGs    # Errors  Last Runtime    Last Run
----------------------------------------  -----  ---------  --------  ----------  --------------  -------------------
/opt/airflow/dags/master_pipeline_dag.py                           1           0  0.12s           2026-05-30T08:47:59
================================================================================
[2026-05-30T08:48:37.150+0000] {manager.py:878} INFO - 
================================================================================
DAG File Processing Stats

File Path                                 PID    Runtime      # DAGs    # Errors  Last Runtime    Last Run
----------------------------------------  -----  ---------  --------  ----------  --------------  -------------------
/opt/airflow/dags/master_pipeline_dag.py                           1           0  0.13s           2026-05-30T08:48:30
================================================================================
[2026-05-30T08:49:07.530+0000] {manager.py:878} INFO - 
================================================================================
DAG File Processing Stats

File Path                                 PID    Runtime      # DAGs    # Errors  Last Runtime    Last Run
----------------------------------------  -----  ---------  --------  ----------  --------------  -------------------
/opt/airflow/dags/master_pipeline_dag.py                           1           0  0.13s           2026-05-30T08:49:00
================================================================================
[2026-05-30T08:49:37.786+0000] {manager.py:878} INFO - 
================================================================================
DAG File Processing Stats

File Path                                 PID    Runtime      # DAGs    # Errors  Last Runtime    Last Run
----------------------------------------  -----  ---------  --------  ----------  --------------  -------------------
/opt/airflow/dags/master_pipeline_dag.py                           1           0  0.07s           2026-05-30T08:49:30
================================================================================
[2026-05-30T08:50:08.089+0000] {manager.py:878} INFO - 
================================================================================
DAG File Processing Stats

File Path                                 PID    Runtime      # DAGs    # Errors  Last Runtime    Last Run
----------------------------------------  -----  ---------  --------  ----------  --------------  -------------------
/opt/airflow/dags/master_pipeline_dag.py                           1           0  0.12s           2026-05-30T08:50:01
================================================================================
[2026-05-30T08:50:38.411+0000] {manager.py:878} INFO - 
================================================================================
DAG File Processing Stats

File Path                                 PID    Runtime      # DAGs    # Errors  Last Runtime    Last Run
----------------------------------------  -----  ---------  --------  ----------  --------------  -------------------
/opt/airflow/dags/master_pipeline_dag.py                           1           0  0.12s           2026-05-30T08:50:31
================================================================================
[2026-05-30T08:51:08.773+0000] {manager.py:878} INFO - 
================================================================================
DAG File Processing Stats

File Path                                 PID    Runtime      # DAGs    # Errors  Last Runtime    Last Run
----------------------------------------  -----  ---------  --------  ----------  --------------  -------------------
/opt/airflow/dags/master_pipeline_dag.py                           1           0  0.11s           2026-05-30T08:51:01
================================================================================
[2026-05-30T08:51:34.041+0000] {manager.py:737} INFO - Searching for files in /opt/airflow/dags
[2026-05-30T08:51:34.057+0000] {manager.py:740} INFO - There are 1 files in /opt/airflow/dags
[2026-05-30T08:51:39.107+0000] {manager.py:878} INFO - 
================================================================================
DAG File Processing Stats

File Path                                 PID    Runtime      # DAGs    # Errors  Last Runtime    Last Run
----------------------------------------  -----  ---------  --------  ----------  --------------  -------------------
/opt/airflow/dags/master_pipeline_dag.py                           1           0  0.09s           2026-05-30T08:51:32
================================================================================
[2026-05-30T08:52:09.447+0000] {manager.py:878} INFO - 
================================================================================
DAG File Processing Stats

File Path                                 PID    Runtime      # DAGs    # Errors  Last Runtime    Last Run
----------------------------------------  -----  ---------  --------  ----------  --------------  -------------------
/opt/airflow/dags/master_pipeline_dag.py                           1           0  0.10s           2026-05-30T08:52:02
================================================================================
[2026-05-30T08:52:39.811+0000] {manager.py:878} INFO - 
================================================================================
DAG File Processing Stats

File Path                                 PID    Runtime      # DAGs    # Errors  Last Runtime    Last Run
----------------------------------------  -----  ---------  --------  ----------  --------------  -------------------
/opt/airflow/dags/master_pipeline_dag.py                           1           0  0.14s           2026-05-30T08:52:32
================================================================================
[2026-05-30T08:53:10.178+0000] {manager.py:878} INFO - 
================================================================================
DAG File Processing Stats

File Path                                 PID    Runtime      # DAGs    # Errors  Last Runtime    Last Run
----------------------------------------  -----  ---------  --------  ----------  --------------  -------------------
/opt/airflow/dags/master_pipeline_dag.py                           1           0  0.11s           2026-05-30T08:53:03
================================================================================
[2026-05-30T08:53:40.516+0000] {manager.py:878} INFO - 
================================================================================
DAG File Processing Stats

File Path                                 PID    Runtime      # DAGs    # Errors  Last Runtime    Last Run
----------------------------------------  -----  ---------  --------  ----------  --------------  -------------------
/opt/airflow/dags/master_pipeline_dag.py                           1           0  0.09s           2026-05-30T08:53:33
================================================================================
[2026-05-30T08:54:10.808+0000] {manager.py:878} INFO - 
================================================================================
DAG File Processing Stats

File Path                                 PID    Runtime      # DAGs    # Errors  Last Runtime    Last Run
----------------------------------------  -----  ---------  --------  ----------  --------------  -------------------
/opt/airflow/dags/master_pipeline_dag.py                           1           0  0.09s           2026-05-30T08:54:03
================================================================================
[2026-05-30T08:54:41.191+0000] {manager.py:878} INFO - 
================================================================================
DAG File Processing Stats

File Path                                 PID    Runtime      # DAGs    # Errors  Last Runtime    Last Run
----------------------------------------  -----  ---------  --------  ----------  --------------  -------------------
/opt/airflow/dags/master_pipeline_dag.py                           1           0  0.16s           2026-05-30T08:54:34
================================================================================
[2026-05-30T08:55:11.604+0000] {manager.py:878} INFO - 
================================================================================
DAG File Processing Stats

File Path                                 PID    Runtime      # DAGs    # Errors  Last Runtime    Last Run
----------------------------------------  -----  ---------  --------  ----------  --------------  -------------------
/opt/airflow/dags/master_pipeline_dag.py                           1           0  0.11s           2026-05-30T08:55:04
================================================================================
[2026-05-30T08:55:41.901+0000] {manager.py:878} INFO - 
================================================================================
DAG File Processing Stats

File Path                                 PID    Runtime      # DAGs    # Errors  Last Runtime    Last Run
----------------------------------------  -----  ---------  --------  ----------  --------------  -------------------
/opt/airflow/dags/master_pipeline_dag.py                           1           0  0.13s           2026-05-30T08:55:34
================================================================================
[2026-05-30T08:56:12.240+0000] {manager.py:878} INFO - 
================================================================================
DAG File Processing Stats

File Path                                 PID    Runtime      # DAGs    # Errors  Last Runtime    Last Run
----------------------------------------  -----  ---------  --------  ----------  --------------  -------------------
/opt/airflow/dags/master_pipeline_dag.py                           1           0  0.10s           2026-05-30T08:56:05
================================================================================
[2026-05-30T08:56:34.438+0000] {manager.py:737} INFO - Searching for files in /opt/airflow/dags
[2026-05-30T08:56:34.447+0000] {manager.py:740} INFO - There are 1 files in /opt/airflow/dags
[2026-05-30T08:56:42.542+0000] {manager.py:878} INFO - 
================================================================================
DAG File Processing Stats

File Path                                 PID    Runtime      # DAGs    # Errors  Last Runtime    Last Run
----------------------------------------  -----  ---------  --------  ----------  --------------  -------------------
/opt/airflow/dags/master_pipeline_dag.py                           1           0  0.11s           2026-05-30T08:56:35
================================================================================
[2026-05-30T08:57:12.870+0000] {manager.py:878} INFO - 
================================================================================
DAG File Processing Stats

File Path                                 PID    Runtime      # DAGs    # Errors  Last Runtime    Last Run
----------------------------------------  -----  ---------  --------  ----------  --------------  -------------------
/opt/airflow/dags/master_pipeline_dag.py                           1           0  0.10s           2026-05-30T08:57:05
================================================================================
[2026-05-30T08:57:43.209+0000] {manager.py:878} INFO - 
================================================================================
DAG File Processing Stats

File Path                                 PID    Runtime      # DAGs    # Errors  Last Runtime    Last Run
----------------------------------------  -----  ---------  --------  ----------  --------------  -------------------
/opt/airflow/dags/master_pipeline_dag.py                           1           0  0.13s           2026-05-30T08:57:36
================================================================================
[2026-05-30T08:58:13.525+0000] {manager.py:878} INFO - 
================================================================================
DAG File Processing Stats

File Path                                 PID    Runtime      # DAGs    # Errors  Last Runtime    Last Run
----------------------------------------  -----  ---------  --------  ----------  --------------  -------------------
/opt/airflow/dags/master_pipeline_dag.py                           1           0  0.11s           2026-05-30T08:58:06
================================================================================
[2026-05-30T08:58:43.878+0000] {manager.py:878} INFO - 
================================================================================
DAG File Processing Stats

File Path                                 PID    Runtime      # DAGs    # Errors  Last Runtime    Last Run
----------------------------------------  -----  ---------  --------  ----------  --------------  -------------------
/opt/airflow/dags/master_pipeline_dag.py                           1           0  0.12s           2026-05-30T08:58:36
================================================================================
[2026-05-30T08:59:14.289+0000] {manager.py:878} INFO - 
================================================================================
DAG File Processing Stats

File Path                                 PID    Runtime      # DAGs    # Errors  Last Runtime    Last Run
----------------------------------------  -----  ---------  --------  ----------  --------------  -------------------
/opt/airflow/dags/master_pipeline_dag.py                           1           0  0.26s           2026-05-30T08:59:07
================================================================================
[2026-05-30T08:59:44.558+0000] {manager.py:878} INFO - 
================================================================================
DAG File Processing Stats

File Path                                 PID    Runtime      # DAGs    # Errors  Last Runtime    Last Run
----------------------------------------  -----  ---------  --------  ----------  --------------  -------------------
/opt/airflow/dags/master_pipeline_dag.py                           1           0  0.10s           2026-05-30T08:59:37
================================================================================
[2026-05-30T09:00:14.884+0000] {manager.py:878} INFO - 
================================================================================
DAG File Processing Stats

File Path                                 PID    Runtime      # DAGs    # Errors  Last Runtime    Last Run
----------------------------------------  -----  ---------  --------  ----------  --------------  -------------------
/opt/airflow/dags/master_pipeline_dag.py                           1           0  0.14s           2026-05-30T09:00:07
================================================================================
[2026-05-30T09:00:45.227+0000] {manager.py:878} INFO - 
================================================================================
DAG File Processing Stats

File Path                                 PID    Runtime      # DAGs    # Errors  Last Runtime    Last Run
----------------------------------------  -----  ---------  --------  ----------  --------------  -------------------
/opt/airflow/dags/master_pipeline_dag.py                           1           0  0.17s           2026-05-30T09:00:38
================================================================================
[2026-05-30T09:01:15.667+0000] {manager.py:878} INFO - 
================================================================================
DAG File Processing Stats

File Path                                 PID    Runtime      # DAGs    # Errors  Last Runtime    Last Run
----------------------------------------  -----  ---------  --------  ----------  --------------  -------------------
/opt/airflow/dags/master_pipeline_dag.py                           1           0  0.11s           2026-05-30T09:01:08
================================================================================
[2026-05-30T09:01:34.859+0000] {manager.py:737} INFO - Searching for files in /opt/airflow/dags
[2026-05-30T09:01:34.875+0000] {manager.py:740} INFO - There are 1 files in /opt/airflow/dags
[2026-05-30T09:01:46.010+0000] {manager.py:878} INFO - 
================================================================================
DAG File Processing Stats

File Path                                 PID    Runtime      # DAGs    # Errors  Last Runtime    Last Run
----------------------------------------  -----  ---------  --------  ----------  --------------  -------------------
/opt/airflow/dags/master_pipeline_dag.py                           1           0  0.09s           2026-05-30T09:01:39
================================================================================
[2026-05-30T09:02:16.401+0000] {manager.py:878} INFO - 
================================================================================
DAG File Processing Stats

File Path                                 PID    Runtime      # DAGs    # Errors  Last Runtime    Last Run
----------------------------------------  -----  ---------  --------  ----------  --------------  -------------------
/opt/airflow/dags/master_pipeline_dag.py                           1           0  0.36s           2026-05-30T09:02:09
================================================================================
[2026-05-30T09:02:46.973+0000] {manager.py:878} INFO - 
================================================================================
DAG File Processing Stats

File Path                                 PID    Runtime      # DAGs    # Errors  Last Runtime    Last Run
----------------------------------------  -----  ---------  --------  ----------  --------------  -------------------
/opt/airflow/dags/master_pipeline_dag.py                           1           0  0.11s           2026-05-30T09:02:39
================================================================================
[2026-05-30T09:03:17.275+0000] {manager.py:878} INFO - 
================================================================================
DAG File Processing Stats

File Path                                 PID    Runtime      # DAGs    # Errors  Last Runtime    Last Run
----------------------------------------  -----  ---------  --------  ----------  --------------  -------------------
/opt/airflow/dags/master_pipeline_dag.py                           1           0  0.10s           2026-05-30T09:03:10
================================================================================
[2026-05-30T09:03:47.594+0000] {manager.py:878} INFO - 
================================================================================
DAG File Processing Stats

File Path                                 PID    Runtime      # DAGs    # Errors  Last Runtime    Last Run
----------------------------------------  -----  ---------  --------  ----------  --------------  -------------------
/opt/airflow/dags/master_pipeline_dag.py                           1           0  0.10s           2026-05-30T09:03:40
================================================================================
[2026-05-30T09:04:17.970+0000] {manager.py:878} INFO - 
================================================================================
DAG File Processing Stats

File Path                                 PID    Runtime      # DAGs    # Errors  Last Runtime    Last Run
----------------------------------------  -----  ---------  --------  ----------  --------------  -------------------
/opt/airflow/dags/master_pipeline_dag.py                           1           0  0.06s           2026-05-30T09:04:10
================================================================================
[2026-05-30T09:04:48.358+0000] {manager.py:878} INFO - 
================================================================================
DAG File Processing Stats

File Path                                 PID    Runtime      # DAGs    # Errors  Last Runtime    Last Run
----------------------------------------  -----  ---------  --------  ----------  --------------  -------------------
/opt/airflow/dags/master_pipeline_dag.py                           1           0  0.19s           2026-05-30T09:04:41
================================================================================
[2026-05-30T09:05:18.725+0000] {manager.py:878} INFO - 
================================================================================
DAG File Processing Stats

File Path                                 PID    Runtime      # DAGs    # Errors  Last Runtime    Last Run
----------------------------------------  -----  ---------  --------  ----------  --------------  -------------------
/opt/airflow/dags/master_pipeline_dag.py                           1           0  0.54s           2026-05-30T09:05:12
================================================================================
[2026-05-30T09:05:48.749+0000] {manager.py:878} INFO - 
================================================================================
DAG File Processing Stats

File Path                                 PID    Runtime      # DAGs    # Errors  Last Runtime    Last Run
----------------------------------------  -----  ---------  --------  ----------  --------------  -------------------
/opt/airflow/dags/master_pipeline_dag.py                           1           0  0.25s           2026-05-30T09:05:42
================================================================================
[2026-05-30T09:06:19.720+0000] {manager.py:878} INFO - 
================================================================================
DAG File Processing Stats

File Path                                 PID    Runtime      # DAGs    # Errors  Last Runtime    Last Run
----------------------------------------  -----  ---------  --------  ----------  --------------  -------------------
/opt/airflow/dags/master_pipeline_dag.py                           1           0  0.07s           2026-05-30T09:06:12
================================================================================
[2026-05-30T09:06:34.867+0000] {manager.py:737} INFO - Searching for files in /opt/airflow/dags
[2026-05-30T09:06:34.881+0000] {manager.py:740} INFO - There are 1 files in /opt/airflow/dags
[2026-05-30T09:06:50.052+0000] {manager.py:878} INFO - 
================================================================================
DAG File Processing Stats

File Path                                 PID    Runtime      # DAGs    # Errors  Last Runtime    Last Run
----------------------------------------  -----  ---------  --------  ----------  --------------  -------------------
/opt/airflow/dags/master_pipeline_dag.py                           1           0  0.12s           2026-05-30T09:06:43
================================================================================
[2026-05-30T09:07:20.426+0000] {manager.py:878} INFO - 
================================================================================
DAG File Processing Stats

File Path                                 PID    Runtime      # DAGs    # Errors  Last Runtime    Last Run
----------------------------------------  -----  ---------  --------  ----------  --------------  -------------------
/opt/airflow/dags/master_pipeline_dag.py                           1           0  0.14s           2026-05-30T09:06:53
================================================================================
[2026-05-30T09:07:50.806+0000] {manager.py:878} INFO - 
================================================================================
DAG File Processing Stats

File Path                                 PID    Runtime      # DAGs    # Errors  Last Runtime    Last Run
----------------------------------------  -----  ---------  --------  ----------  --------------  -------------------
/opt/airflow/dags/master_pipeline_dag.py                           1           0  0.16s           2026-05-30T09:07:23
================================================================================
[2026-05-30T09:08:21.124+0000] {manager.py:878} INFO - 
================================================================================
DAG File Processing Stats

File Path                                 PID    Runtime      # DAGs    # Errors  Last Runtime    Last Run
----------------------------------------  -----  ---------  --------  ----------  --------------  -------------------
/opt/airflow/dags/master_pipeline_dag.py                           1           0  0.14s           2026-05-30T09:07:53
================================================================================
[2026-05-30T09:08:51.453+0000] {manager.py:878} INFO - 
================================================================================
DAG File Processing Stats

File Path                                 PID    Runtime      # DAGs    # Errors  Last Runtime    Last Run
----------------------------------------  -----  ---------  --------  ----------  --------------  -------------------
/opt/airflow/dags/master_pipeline_dag.py                           1           0  0.08s           2026-05-30T09:08:24
================================================================================
[2026-05-30T09:09:21.722+0000] {manager.py:878} INFO - 
================================================================================
DAG File Processing Stats

File Path                                 PID    Runtime      # DAGs    # Errors  Last Runtime    Last Run
----------------------------------------  -----  ---------  --------  ----------  --------------  -------------------
/opt/airflow/dags/master_pipeline_dag.py                           1           0  0.09s           2026-05-30T09:08:54
================================================================================
[2026-05-30T09:09:51.991+0000] {manager.py:878} INFO - 
================================================================================
DAG File Processing Stats

File Path                                 PID    Runtime      # DAGs    # Errors  Last Runtime    Last Run
----------------------------------------  -----  ---------  --------  ----------  --------------  -------------------
/opt/airflow/dags/master_pipeline_dag.py                           1           0  0.10s           2026-05-30T09:09:24
================================================================================
[2026-05-30T09:10:22.342+0000] {manager.py:878} INFO - 
================================================================================
DAG File Processing Stats

File Path                                 PID    Runtime      # DAGs    # Errors  Last Runtime    Last Run
----------------------------------------  -----  ---------  --------  ----------  --------------  -------------------
/opt/airflow/dags/master_pipeline_dag.py                           1           0  0.10s           2026-05-30T09:09:55
================================================================================
[2026-05-30T09:10:52.691+0000] {manager.py:878} INFO - 
================================================================================
DAG File Processing Stats

File Path                                 PID    Runtime      # DAGs    # Errors  Last Runtime    Last Run
----------------------------------------  -----  ---------  --------  ----------  --------------  -------------------
/opt/airflow/dags/master_pipeline_dag.py                           1           0  0.14s           2026-05-30T09:10:25
================================================================================
[2026-05-30T09:11:23.056+0000] {manager.py:878} INFO - 
================================================================================
DAG File Processing Stats

File Path                                 PID    Runtime      # DAGs    # Errors  Last Runtime    Last Run
----------------------------------------  -----  ---------  --------  ----------  --------------  -------------------
/opt/airflow/dags/master_pipeline_dag.py                           1           0  0.11s           2026-05-30T09:10:55
================================================================================
[2026-05-30T09:11:35.328+0000] {manager.py:737} INFO - Searching for files in /opt/airflow/dags
[2026-05-30T09:11:35.342+0000] {manager.py:740} INFO - There are 1 files in /opt/airflow/dags
[2026-05-30T09:11:53.527+0000] {manager.py:878} INFO - 
================================================================================
DAG File Processing Stats

File Path                                 PID    Runtime      # DAGs    # Errors  Last Runtime    Last Run
----------------------------------------  -----  ---------  --------  ----------  --------------  -------------------
/opt/airflow/dags/master_pipeline_dag.py                           1           0  0.24s           2026-05-30T09:11:26
================================================================================
[2026-05-30T09:12:23.901+0000] {manager.py:878} INFO - 
================================================================================
DAG File Processing Stats

File Path                                 PID    Runtime      # DAGs    # Errors  Last Runtime    Last Run
----------------------------------------  -----  ---------  --------  ----------  --------------  -------------------
/opt/airflow/dags/master_pipeline_dag.py                           1           0  0.14s           2026-05-30T09:11:56
================================================================================
[2026-05-30T09:12:54.246+0000] {manager.py:878} INFO - 
================================================================================
DAG File Processing Stats

File Path                                 PID    Runtime      # DAGs    # Errors  Last Runtime    Last Run
----------------------------------------  -----  ---------  --------  ----------  --------------  -------------------
/opt/airflow/dags/master_pipeline_dag.py                           1           0  0.08s           2026-05-30T09:12:27
================================================================================
[2026-05-30T09:13:24.574+0000] {manager.py:878} INFO - 
================================================================================
DAG File Processing Stats

File Path                                 PID    Runtime      # DAGs    # Errors  Last Runtime    Last Run
----------------------------------------  -----  ---------  --------  ----------  --------------  -------------------
/opt/airflow/dags/master_pipeline_dag.py                           1           0  0.13s           2026-05-30T09:12:57
================================================================================
[2026-05-30T09:13:54.911+0000] {manager.py:878} INFO - 
================================================================================
DAG File Processing Stats

File Path                                 PID    Runtime      # DAGs    # Errors  Last Runtime    Last Run
----------------------------------------  -----  ---------  --------  ----------  --------------  -------------------
/opt/airflow/dags/master_pipeline_dag.py                           1           0  0.12s           2026-05-30T09:13:27
================================================================================
[2026-05-30T09:14:25.198+0000] {manager.py:878} INFO - 
================================================================================
DAG File Processing Stats

File Path                                 PID    Runtime      # DAGs    # Errors  Last Runtime    Last Run
----------------------------------------  -----  ---------  --------  ----------  --------------  -------------------
/opt/airflow/dags/master_pipeline_dag.py                           1           0  0.14s           2026-05-30T09:13:58
================================================================================
[2026-05-30T09:15:37.256+0000] {manager.py:470} INFO - Processing files using up to 2 processes at a time 
[2026-05-30T09:15:37.256+0000] {manager.py:471} INFO - Process each file at most once every 30 seconds
[2026-05-30T09:15:37.256+0000] {manager.py:472} INFO - Checking for new files in /opt/airflow/dags every 300 seconds
[2026-05-30T09:15:37.257+0000] {manager.py:737} INFO - Searching for files in /opt/airflow/dags
[2026-05-30T09:15:37.260+0000] {manager.py:740} INFO - There are 1 files in /opt/airflow/dags
[2026-05-30T09:15:37.306+0000] {manager.py:878} INFO - 
================================================================================
DAG File Processing Stats

File Path                                   PID  Runtime      # DAGs    # Errors  Last Runtime    Last Run
----------------------------------------  -----  ---------  --------  ----------  --------------  ----------
/opt/airflow/dags/master_pipeline_dag.py    163  0.01s             0           0
================================================================================
[2026-05-30T09:16:07.583+0000] {manager.py:878} INFO - 
================================================================================
DAG File Processing Stats

File Path                                   PID  Runtime      # DAGs    # Errors  Last Runtime    Last Run
----------------------------------------  -----  ---------  --------  ----------  --------------  -------------------
/opt/airflow/dags/master_pipeline_dag.py    169  0.03s             1           0  0.05s           2026-05-30T09:15:37
================================================================================
[2026-05-30T09:16:37.847+0000] {manager.py:878} INFO - 
================================================================================
DAG File Processing Stats

File Path                                   PID  Runtime      # DAGs    # Errors  Last Runtime    Last Run
----------------------------------------  -----  ---------  --------  ----------  --------------  -------------------
/opt/airflow/dags/master_pipeline_dag.py    174  0.02s             1           0  0.20s           2026-05-30T09:16:07
================================================================================
[2026-05-30T09:17:08.107+0000] {manager.py:878} INFO - 
================================================================================
DAG File Processing Stats

File Path                                   PID  Runtime      # DAGs    # Errors  Last Runtime    Last Run
----------------------------------------  -----  ---------  --------  ----------  --------------  -------------------
/opt/airflow/dags/master_pipeline_dag.py    179  0.01s             1           0  0.13s           2026-05-30T09:16:37
================================================================================
[2026-05-30T09:17:38.366+0000] {manager.py:878} INFO - 
================================================================================
DAG File Processing Stats

File Path                                   PID  Runtime      # DAGs    # Errors  Last Runtime    Last Run
----------------------------------------  -----  ---------  --------  ----------  --------------  -------------------
/opt/airflow/dags/master_pipeline_dag.py    184  0.01s             1           0  0.06s           2026-05-30T09:17:08
================================================================================
[2026-05-30T09:18:08.625+0000] {manager.py:878} INFO - 
================================================================================
DAG File Processing Stats

File Path                                   PID  Runtime      # DAGs    # Errors  Last Runtime    Last Run
----------------------------------------  -----  ---------  --------  ----------  --------------  -------------------
/opt/airflow/dags/master_pipeline_dag.py    189  0.01s             1           0  0.09s           2026-05-30T09:17:38
================================================================================
[2026-05-30T09:18:38.903+0000] {manager.py:878} INFO - 
================================================================================
DAG File Processing Stats

File Path                                   PID  Runtime      # DAGs    # Errors  Last Runtime    Last Run
----------------------------------------  -----  ---------  --------  ----------  --------------  -------------------
/opt/airflow/dags/master_pipeline_dag.py    194  0.01s             1           0  0.07s           2026-05-30T09:18:08
================================================================================
[2026-05-30T09:19:09.169+0000] {manager.py:878} INFO - 
================================================================================
DAG File Processing Stats

File Path                                   PID  Runtime      # DAGs    # Errors  Last Runtime    Last Run
----------------------------------------  -----  ---------  --------  ----------  --------------  -------------------
/opt/airflow/dags/master_pipeline_dag.py    199  0.01s             1           0  0.09s           2026-05-30T09:18:38
================================================================================
[2026-05-30T09:19:39.447+0000] {manager.py:878} INFO - 
================================================================================
DAG File Processing Stats

File Path                                   PID  Runtime      # DAGs    # Errors  Last Runtime    Last Run
----------------------------------------  -----  ---------  --------  ----------  --------------  -------------------
/opt/airflow/dags/master_pipeline_dag.py    204  0.01s             1           0  0.09s           2026-05-30T09:19:09
================================================================================
[2026-05-30T09:20:09.699+0000] {manager.py:878} INFO - 
================================================================================
DAG File Processing Stats

File Path                                   PID  Runtime      # DAGs    # Errors  Last Runtime    Last Run
----------------------------------------  -----  ---------  --------  ----------  --------------  -------------------
/opt/airflow/dags/master_pipeline_dag.py    209  0.00s             1           0  0.11s           2026-05-30T09:19:39
================================================================================
[2026-05-30T09:20:37.947+0000] {manager.py:737} INFO - Searching for files in /opt/airflow/dags
[2026-05-30T09:20:37.961+0000] {manager.py:740} INFO - There are 1 files in /opt/airflow/dags
[2026-05-30T09:20:40.022+0000] {manager.py:878} INFO - 
================================================================================
DAG File Processing Stats

File Path                                   PID  Runtime      # DAGs    # Errors  Last Runtime    Last Run
----------------------------------------  -----  ---------  --------  ----------  --------------  -------------------
/opt/airflow/dags/master_pipeline_dag.py    214  0.01s             1           0  0.07s           2026-05-30T09:20:09
================================================================================
[2026-05-30T09:21:10.292+0000] {manager.py:878} INFO - 
================================================================================
DAG File Processing Stats

File Path                                   PID  Runtime      # DAGs    # Errors  Last Runtime    Last Run
----------------------------------------  -----  ---------  --------  ----------  --------------  -------------------
/opt/airflow/dags/master_pipeline_dag.py    219  0.02s             1           0  0.13s           2026-05-30T09:20:40
================================================================================
[2026-05-30T09:21:40.646+0000] {manager.py:878} INFO - 
================================================================================
DAG File Processing Stats

File Path                                   PID  Runtime      # DAGs    # Errors  Last Runtime    Last Run
----------------------------------------  -----  ---------  --------  ----------  --------------  -------------------
/opt/airflow/dags/master_pipeline_dag.py    224  0.00s             1           0  0.13s           2026-05-30T09:21:10
================================================================================
[2026-05-30T09:22:11.015+0000] {manager.py:878} INFO - 
================================================================================
DAG File Processing Stats

File Path                                   PID  Runtime      # DAGs    # Errors  Last Runtime    Last Run
----------------------------------------  -----  ---------  --------  ----------  --------------  -------------------
/opt/airflow/dags/master_pipeline_dag.py    229  0.01s             1           0  0.07s           2026-05-30T09:21:40
================================================================================
[2026-05-30T09:22:41.297+0000] {manager.py:878} INFO - 
================================================================================
DAG File Processing Stats

File Path                                   PID  Runtime      # DAGs    # Errors  Last Runtime    Last Run
----------------------------------------  -----  ---------  --------  ----------  --------------  -------------------
/opt/airflow/dags/master_pipeline_dag.py    234  0.01s             1           0  0.10s           2026-05-30T09:22:11
================================================================================
[2026-05-30T09:23:40.086+0000] {manager.py:878} INFO - 
================================================================================
DAG File Processing Stats

File Path                                 PID    Runtime      # DAGs    # Errors  Last Runtime    Last Run
----------------------------------------  -----  ---------  --------  ----------  --------------  -------------------
/opt/airflow/dags/master_pipeline_dag.py                           1           0  0.05s           2026-05-30T09:23:15
================================================================================
[2026-05-30T09:24:10.417+0000] {manager.py:878} INFO - 
================================================================================
DAG File Processing Stats

File Path                                 PID    Runtime      # DAGs    # Errors  Last Runtime    Last Run
----------------------------------------  -----  ---------  --------  ----------  --------------  -------------------
/opt/airflow/dags/master_pipeline_dag.py                           1           0  0.22s           2026-05-30T09:23:46
================================================================================
[2026-05-30T09:29:23.673+0000] {manager.py:737} INFO - Searching for files in /opt/airflow/dags
[2026-05-30T09:29:23.685+0000] {manager.py:740} INFO - There are 1 files in /opt/airflow/dags
[2026-05-30T09:29:47.904+0000] {manager.py:878} INFO - 
================================================================================
DAG File Processing Stats

File Path                                 PID    Runtime      # DAGs    # Errors  Last Runtime    Last Run
----------------------------------------  -----  ---------  --------  ----------  --------------  -------------------
/opt/airflow/dags/master_pipeline_dag.py                           1           0  0.09s           2026-05-30T09:29:23
================================================================================
[2026-05-30T09:30:18.191+0000] {manager.py:878} INFO - 
================================================================================
DAG File Processing Stats

File Path                                 PID    Runtime      # DAGs    # Errors  Last Runtime    Last Run
----------------------------------------  -----  ---------  --------  ----------  --------------  -------------------
/opt/airflow/dags/master_pipeline_dag.py                           1           0  0.06s           2026-05-30T09:29:54
================================================================================
[2026-05-30T09:35:18.353+0000] {manager.py:737} INFO - Searching for files in /opt/airflow/dags
[2026-05-30T09:35:18.361+0000] {manager.py:740} INFO - There are 1 files in /opt/airflow/dags
[2026-05-30T09:35:43.632+0000] {manager.py:878} INFO - 
================================================================================
DAG File Processing Stats

File Path                                 PID    Runtime      # DAGs    # Errors  Last Runtime    Last Run
----------------------------------------  -----  ---------  --------  ----------  --------------  -------------------
/opt/airflow/dags/master_pipeline_dag.py                           1           0  0.11s           2026-05-30T09:35:18
================================================================================
[2026-05-30T09:36:13.996+0000] {manager.py:878} INFO - 
================================================================================
DAG File Processing Stats

File Path                                 PID    Runtime      # DAGs    # Errors  Last Runtime    Last Run
----------------------------------------  -----  ---------  --------  ----------  --------------  -------------------
/opt/airflow/dags/master_pipeline_dag.py                           1           0  0.07s           2026-05-30T09:35:48
================================================================================
[2026-05-30T09:36:44.436+0000] {manager.py:878} INFO - 
================================================================================
DAG File Processing Stats

File Path                                 PID    Runtime      # DAGs    # Errors  Last Runtime    Last Run
----------------------------------------  -----  ---------  --------  ----------  --------------  -------------------
/opt/airflow/dags/master_pipeline_dag.py                           1           0  0.10s           2026-05-30T09:36:19
================================================================================
