[2026-05-30T06:49:02.304+0000] {processor.py:161} INFO - Started process (PID=163) to work on /opt/airflow/dags/master_pipeline_dag.py
[2026-05-30T06:49:02.305+0000] {processor.py:830} INFO - Processing file /opt/airflow/dags/master_pipeline_dag.py for tasks to queue
[2026-05-30T06:49:02.306+0000] {logging_mixin.py:188} INFO - [2026-05-30T06:49:02.306+0000] {dagbag.py:545} INFO - Filling up the DagBag from /opt/airflow/dags/master_pipeline_dag.py
[2026-05-30T06:49:02.325+0000] {processor.py:840} INFO - DAG(s) 'client_analytics_master_pipeline' retrieved from /opt/airflow/dags/master_pipeline_dag.py
[2026-05-30T06:49:02.439+0000] {logging_mixin.py:188} INFO - [2026-05-30T06:49:02.439+0000] {override.py:1829} INFO - Created Permission View: can delete on DAG:client_analytics_master_pipeline
[2026-05-30T06:49:02.441+0000] {logging_mixin.py:188} INFO - [2026-05-30T06:49:02.441+0000] {override.py:1829} INFO - Created Permission View: can edit on DAG:client_analytics_master_pipeline
[2026-05-30T06:49:02.443+0000] {logging_mixin.py:188} INFO - [2026-05-30T06:49:02.443+0000] {override.py:1829} INFO - Created Permission View: can read on DAG:client_analytics_master_pipeline
[2026-05-30T06:49:02.443+0000] {logging_mixin.py:188} INFO - [2026-05-30T06:49:02.443+0000] {dag.py:3096} INFO - Sync 1 DAGs
[2026-05-30T06:49:02.447+0000] {logging_mixin.py:188} INFO - [2026-05-30T06:49:02.447+0000] {dag.py:3118} INFO - Creating ORM DAG for client_analytics_master_pipeline
[2026-05-30T06:49:02.450+0000] {logging_mixin.py:188} INFO - [2026-05-30T06:49:02.450+0000] {dag.py:3954} INFO - Setting next_dagrun for client_analytics_master_pipeline to 2026-05-29 06:00:00+00:00, run_after=2026-05-30 06:00:00+00:00
[2026-05-30T06:49:02.457+0000] {processor.py:183} INFO - Processing /opt/airflow/dags/master_pipeline_dag.py took 0.157 seconds
[2026-05-30T06:49:20.477+0000] {processor.py:161} INFO - Started process (PID=168) to work on /opt/airflow/dags/master_pipeline_dag.py
[2026-05-30T06:49:20.478+0000] {processor.py:830} INFO - Processing file /opt/airflow/dags/master_pipeline_dag.py for tasks to queue
[2026-05-30T06:49:20.480+0000] {logging_mixin.py:188} INFO - [2026-05-30T06:49:20.480+0000] {dagbag.py:545} INFO - Filling up the DagBag from /opt/airflow/dags/master_pipeline_dag.py
[2026-05-30T06:49:20.494+0000] {processor.py:840} INFO - DAG(s) 'client_analytics_master_pipeline' retrieved from /opt/airflow/dags/master_pipeline_dag.py
[2026-05-30T06:49:20.503+0000] {logging_mixin.py:188} INFO - [2026-05-30T06:49:20.503+0000] {dag.py:3096} INFO - Sync 1 DAGs
[2026-05-30T06:49:20.516+0000] {logging_mixin.py:188} INFO - [2026-05-30T06:49:20.516+0000] {dag.py:3954} INFO - Setting next_dagrun for client_analytics_master_pipeline to 2026-05-29 06:00:00+00:00, run_after=2026-05-30 06:00:00+00:00
[2026-05-30T06:49:20.524+0000] {processor.py:183} INFO - Processing /opt/airflow/dags/master_pipeline_dag.py took 0.055 seconds
[2026-05-30T06:49:50.756+0000] {processor.py:161} INFO - Started process (PID=173) to work on /opt/airflow/dags/master_pipeline_dag.py
[2026-05-30T06:49:50.758+0000] {processor.py:830} INFO - Processing file /opt/airflow/dags/master_pipeline_dag.py for tasks to queue
[2026-05-30T06:49:50.760+0000] {logging_mixin.py:188} INFO - [2026-05-30T06:49:50.759+0000] {dagbag.py:545} INFO - Filling up the DagBag from /opt/airflow/dags/master_pipeline_dag.py
[2026-05-30T06:49:50.768+0000] {processor.py:840} INFO - DAG(s) 'client_analytics_master_pipeline' retrieved from /opt/airflow/dags/master_pipeline_dag.py
[2026-05-30T06:49:50.785+0000] {logging_mixin.py:188} INFO - [2026-05-30T06:49:50.785+0000] {dag.py:3096} INFO - Sync 1 DAGs
[2026-05-30T06:49:50.797+0000] {logging_mixin.py:188} INFO - [2026-05-30T06:49:50.797+0000] {dag.py:3954} INFO - Setting next_dagrun for client_analytics_master_pipeline to 2026-05-30 06:00:00+00:00, run_after=2026-05-31 06:00:00+00:00
[2026-05-30T06:49:50.804+0000] {processor.py:183} INFO - Processing /opt/airflow/dags/master_pipeline_dag.py took 0.057 seconds
[2026-05-30T06:50:21.063+0000] {processor.py:161} INFO - Started process (PID=178) to work on /opt/airflow/dags/master_pipeline_dag.py
[2026-05-30T06:50:21.063+0000] {processor.py:830} INFO - Processing file /opt/airflow/dags/master_pipeline_dag.py for tasks to queue
[2026-05-30T06:50:21.066+0000] {logging_mixin.py:188} INFO - [2026-05-30T06:50:21.065+0000] {dagbag.py:545} INFO - Filling up the DagBag from /opt/airflow/dags/master_pipeline_dag.py
[2026-05-30T06:50:21.078+0000] {processor.py:840} INFO - DAG(s) 'client_analytics_master_pipeline' retrieved from /opt/airflow/dags/master_pipeline_dag.py
[2026-05-30T06:50:21.110+0000] {logging_mixin.py:188} INFO - [2026-05-30T06:50:21.110+0000] {dag.py:3096} INFO - Sync 1 DAGs
[2026-05-30T06:50:21.121+0000] {logging_mixin.py:188} INFO - [2026-05-30T06:50:21.121+0000] {dag.py:3954} INFO - Setting next_dagrun for client_analytics_master_pipeline to 2026-05-30 06:00:00+00:00, run_after=2026-05-31 06:00:00+00:00
[2026-05-30T06:50:21.130+0000] {processor.py:183} INFO - Processing /opt/airflow/dags/master_pipeline_dag.py took 0.072 seconds
[2026-05-30T06:50:51.395+0000] {processor.py:161} INFO - Started process (PID=183) to work on /opt/airflow/dags/master_pipeline_dag.py
[2026-05-30T06:50:51.396+0000] {processor.py:830} INFO - Processing file /opt/airflow/dags/master_pipeline_dag.py for tasks to queue
[2026-05-30T06:50:51.399+0000] {logging_mixin.py:188} INFO - [2026-05-30T06:50:51.399+0000] {dagbag.py:545} INFO - Filling up the DagBag from /opt/airflow/dags/master_pipeline_dag.py
[2026-05-30T06:50:51.412+0000] {processor.py:840} INFO - DAG(s) 'client_analytics_master_pipeline' retrieved from /opt/airflow/dags/master_pipeline_dag.py
[2026-05-30T06:50:51.446+0000] {logging_mixin.py:188} INFO - [2026-05-30T06:50:51.446+0000] {dag.py:3096} INFO - Sync 1 DAGs
[2026-05-30T06:50:51.464+0000] {logging_mixin.py:188} INFO - [2026-05-30T06:50:51.464+0000] {dag.py:3954} INFO - Setting next_dagrun for client_analytics_master_pipeline to 2026-05-30 06:00:00+00:00, run_after=2026-05-31 06:00:00+00:00
[2026-05-30T06:50:51.473+0000] {processor.py:183} INFO - Processing /opt/airflow/dags/master_pipeline_dag.py took 0.086 seconds
[2026-05-30T06:51:21.678+0000] {processor.py:161} INFO - Started process (PID=188) to work on /opt/airflow/dags/master_pipeline_dag.py
[2026-05-30T06:51:21.679+0000] {processor.py:830} INFO - Processing file /opt/airflow/dags/master_pipeline_dag.py for tasks to queue
[2026-05-30T06:51:21.681+0000] {logging_mixin.py:188} INFO - [2026-05-30T06:51:21.681+0000] {dagbag.py:545} INFO - Filling up the DagBag from /opt/airflow/dags/master_pipeline_dag.py
[2026-05-30T06:51:21.695+0000] {processor.py:840} INFO - DAG(s) 'client_analytics_master_pipeline' retrieved from /opt/airflow/dags/master_pipeline_dag.py
[2026-05-30T06:51:21.719+0000] {logging_mixin.py:188} INFO - [2026-05-30T06:51:21.718+0000] {dag.py:3096} INFO - Sync 1 DAGs
[2026-05-30T06:51:21.731+0000] {logging_mixin.py:188} INFO - [2026-05-30T06:51:21.731+0000] {dag.py:3954} INFO - Setting next_dagrun for client_analytics_master_pipeline to 2026-05-30 06:00:00+00:00, run_after=2026-05-31 06:00:00+00:00
[2026-05-30T06:51:21.738+0000] {processor.py:183} INFO - Processing /opt/airflow/dags/master_pipeline_dag.py took 0.068 seconds
[2026-05-30T06:51:52.053+0000] {processor.py:161} INFO - Started process (PID=193) to work on /opt/airflow/dags/master_pipeline_dag.py
[2026-05-30T06:51:52.054+0000] {processor.py:830} INFO - Processing file /opt/airflow/dags/master_pipeline_dag.py for tasks to queue
[2026-05-30T06:51:52.056+0000] {logging_mixin.py:188} INFO - [2026-05-30T06:51:52.055+0000] {dagbag.py:545} INFO - Filling up the DagBag from /opt/airflow/dags/master_pipeline_dag.py
[2026-05-30T06:51:52.066+0000] {processor.py:840} INFO - DAG(s) 'client_analytics_master_pipeline' retrieved from /opt/airflow/dags/master_pipeline_dag.py
[2026-05-30T06:51:52.081+0000] {logging_mixin.py:188} INFO - [2026-05-30T06:51:52.081+0000] {dag.py:3096} INFO - Sync 1 DAGs
[2026-05-30T06:51:52.091+0000] {logging_mixin.py:188} INFO - [2026-05-30T06:51:52.091+0000] {dag.py:3954} INFO - Setting next_dagrun for client_analytics_master_pipeline to 2026-05-30 06:00:00+00:00, run_after=2026-05-31 06:00:00+00:00
[2026-05-30T06:51:52.098+0000] {processor.py:183} INFO - Processing /opt/airflow/dags/master_pipeline_dag.py took 0.049 seconds
[2026-05-30T06:52:22.362+0000] {processor.py:161} INFO - Started process (PID=198) to work on /opt/airflow/dags/master_pipeline_dag.py
[2026-05-30T06:52:22.363+0000] {processor.py:830} INFO - Processing file /opt/airflow/dags/master_pipeline_dag.py for tasks to queue
[2026-05-30T06:52:22.365+0000] {logging_mixin.py:188} INFO - [2026-05-30T06:52:22.364+0000] {dagbag.py:545} INFO - Filling up the DagBag from /opt/airflow/dags/master_pipeline_dag.py
[2026-05-30T06:52:22.378+0000] {processor.py:840} INFO - DAG(s) 'client_analytics_master_pipeline' retrieved from /opt/airflow/dags/master_pipeline_dag.py
[2026-05-30T06:52:22.398+0000] {logging_mixin.py:188} INFO - [2026-05-30T06:52:22.398+0000] {dag.py:3096} INFO - Sync 1 DAGs
[2026-05-30T06:52:22.409+0000] {logging_mixin.py:188} INFO - [2026-05-30T06:52:22.409+0000] {dag.py:3954} INFO - Setting next_dagrun for client_analytics_master_pipeline to 2026-05-30 06:00:00+00:00, run_after=2026-05-31 06:00:00+00:00
[2026-05-30T06:52:22.416+0000] {processor.py:183} INFO - Processing /opt/airflow/dags/master_pipeline_dag.py took 0.061 seconds
[2026-05-30T06:52:52.635+0000] {processor.py:161} INFO - Started process (PID=203) to work on /opt/airflow/dags/master_pipeline_dag.py
[2026-05-30T06:52:52.636+0000] {processor.py:830} INFO - Processing file /opt/airflow/dags/master_pipeline_dag.py for tasks to queue
[2026-05-30T06:52:52.638+0000] {logging_mixin.py:188} INFO - [2026-05-30T06:52:52.638+0000] {dagbag.py:545} INFO - Filling up the DagBag from /opt/airflow/dags/master_pipeline_dag.py
[2026-05-30T06:52:52.653+0000] {processor.py:840} INFO - DAG(s) 'client_analytics_master_pipeline' retrieved from /opt/airflow/dags/master_pipeline_dag.py
[2026-05-30T06:52:52.687+0000] {logging_mixin.py:188} INFO - [2026-05-30T06:52:52.687+0000] {dag.py:3096} INFO - Sync 1 DAGs
[2026-05-30T06:52:52.701+0000] {logging_mixin.py:188} INFO - [2026-05-30T06:52:52.701+0000] {dag.py:3954} INFO - Setting next_dagrun for client_analytics_master_pipeline to 2026-05-30 06:00:00+00:00, run_after=2026-05-31 06:00:00+00:00
[2026-05-30T06:52:52.709+0000] {processor.py:183} INFO - Processing /opt/airflow/dags/master_pipeline_dag.py took 0.080 seconds
[2026-05-30T06:53:22.947+0000] {processor.py:161} INFO - Started process (PID=208) to work on /opt/airflow/dags/master_pipeline_dag.py
[2026-05-30T06:53:22.949+0000] {processor.py:830} INFO - Processing file /opt/airflow/dags/master_pipeline_dag.py for tasks to queue
[2026-05-30T06:53:22.951+0000] {logging_mixin.py:188} INFO - [2026-05-30T06:53:22.950+0000] {dagbag.py:545} INFO - Filling up the DagBag from /opt/airflow/dags/master_pipeline_dag.py
[2026-05-30T06:53:22.963+0000] {processor.py:840} INFO - DAG(s) 'client_analytics_master_pipeline' retrieved from /opt/airflow/dags/master_pipeline_dag.py
[2026-05-30T06:53:22.984+0000] {logging_mixin.py:188} INFO - [2026-05-30T06:53:22.983+0000] {dag.py:3096} INFO - Sync 1 DAGs
[2026-05-30T06:53:22.995+0000] {logging_mixin.py:188} INFO - [2026-05-30T06:53:22.995+0000] {dag.py:3954} INFO - Setting next_dagrun for client_analytics_master_pipeline to 2026-05-30 06:00:00+00:00, run_after=2026-05-31 06:00:00+00:00
[2026-05-30T06:53:23.002+0000] {processor.py:183} INFO - Processing /opt/airflow/dags/master_pipeline_dag.py took 0.062 seconds
[2026-05-30T06:53:53.317+0000] {processor.py:161} INFO - Started process (PID=213) to work on /opt/airflow/dags/master_pipeline_dag.py
[2026-05-30T06:53:53.319+0000] {processor.py:830} INFO - Processing file /opt/airflow/dags/master_pipeline_dag.py for tasks to queue
[2026-05-30T06:53:53.321+0000] {logging_mixin.py:188} INFO - [2026-05-30T06:53:53.321+0000] {dagbag.py:545} INFO - Filling up the DagBag from /opt/airflow/dags/master_pipeline_dag.py
[2026-05-30T06:53:53.337+0000] {processor.py:840} INFO - DAG(s) 'client_analytics_master_pipeline' retrieved from /opt/airflow/dags/master_pipeline_dag.py
[2026-05-30T06:53:53.357+0000] {logging_mixin.py:188} INFO - [2026-05-30T06:53:53.357+0000] {dag.py:3096} INFO - Sync 1 DAGs
[2026-05-30T06:53:53.369+0000] {logging_mixin.py:188} INFO - [2026-05-30T06:53:53.369+0000] {dag.py:3954} INFO - Setting next_dagrun for client_analytics_master_pipeline to 2026-05-30 06:00:00+00:00, run_after=2026-05-31 06:00:00+00:00
[2026-05-30T06:53:53.377+0000] {processor.py:183} INFO - Processing /opt/airflow/dags/master_pipeline_dag.py took 0.066 seconds
[2026-05-30T06:54:23.788+0000] {processor.py:161} INFO - Started process (PID=218) to work on /opt/airflow/dags/master_pipeline_dag.py
[2026-05-30T06:54:23.789+0000] {processor.py:830} INFO - Processing file /opt/airflow/dags/master_pipeline_dag.py for tasks to queue
[2026-05-30T06:54:23.791+0000] {logging_mixin.py:188} INFO - [2026-05-30T06:54:23.791+0000] {dagbag.py:545} INFO - Filling up the DagBag from /opt/airflow/dags/master_pipeline_dag.py
[2026-05-30T06:54:23.806+0000] {processor.py:840} INFO - DAG(s) 'client_analytics_master_pipeline' retrieved from /opt/airflow/dags/master_pipeline_dag.py
[2026-05-30T06:54:23.825+0000] {logging_mixin.py:188} INFO - [2026-05-30T06:54:23.824+0000] {dag.py:3096} INFO - Sync 1 DAGs
[2026-05-30T06:54:23.836+0000] {logging_mixin.py:188} INFO - [2026-05-30T06:54:23.836+0000] {dag.py:3954} INFO - Setting next_dagrun for client_analytics_master_pipeline to 2026-05-30 06:00:00+00:00, run_after=2026-05-31 06:00:00+00:00
[2026-05-30T06:54:23.843+0000] {processor.py:183} INFO - Processing /opt/airflow/dags/master_pipeline_dag.py took 0.061 seconds
[2026-05-30T06:54:54.204+0000] {processor.py:161} INFO - Started process (PID=223) to work on /opt/airflow/dags/master_pipeline_dag.py
[2026-05-30T06:54:54.205+0000] {processor.py:830} INFO - Processing file /opt/airflow/dags/master_pipeline_dag.py for tasks to queue
[2026-05-30T06:54:54.207+0000] {logging_mixin.py:188} INFO - [2026-05-30T06:54:54.207+0000] {dagbag.py:545} INFO - Filling up the DagBag from /opt/airflow/dags/master_pipeline_dag.py
[2026-05-30T06:54:54.226+0000] {processor.py:840} INFO - DAG(s) 'client_analytics_master_pipeline' retrieved from /opt/airflow/dags/master_pipeline_dag.py
[2026-05-30T06:54:54.249+0000] {logging_mixin.py:188} INFO - [2026-05-30T06:54:54.249+0000] {dag.py:3096} INFO - Sync 1 DAGs
[2026-05-30T06:54:54.263+0000] {logging_mixin.py:188} INFO - [2026-05-30T06:54:54.263+0000] {dag.py:3954} INFO - Setting next_dagrun for client_analytics_master_pipeline to 2026-05-30 06:00:00+00:00, run_after=2026-05-31 06:00:00+00:00
[2026-05-30T06:54:54.271+0000] {processor.py:183} INFO - Processing /opt/airflow/dags/master_pipeline_dag.py took 0.078 seconds
[2026-05-30T07:10:54.163+0000] {processor.py:161} INFO - Started process (PID=228) to work on /opt/airflow/dags/master_pipeline_dag.py
[2026-05-30T07:10:54.164+0000] {processor.py:830} INFO - Processing file /opt/airflow/dags/master_pipeline_dag.py for tasks to queue
[2026-05-30T07:10:54.165+0000] {logging_mixin.py:188} INFO - [2026-05-30T07:10:54.165+0000] {dagbag.py:545} INFO - Filling up the DagBag from /opt/airflow/dags/master_pipeline_dag.py
[2026-05-30T07:10:54.173+0000] {processor.py:840} INFO - DAG(s) 'client_analytics_master_pipeline' retrieved from /opt/airflow/dags/master_pipeline_dag.py
[2026-05-30T07:10:54.187+0000] {logging_mixin.py:188} INFO - [2026-05-30T07:10:54.187+0000] {dag.py:3096} INFO - Sync 1 DAGs
[2026-05-30T07:10:54.196+0000] {logging_mixin.py:188} INFO - [2026-05-30T07:10:54.196+0000] {dag.py:3954} INFO - Setting next_dagrun for client_analytics_master_pipeline to 2026-05-30 06:00:00+00:00, run_after=2026-05-31 06:00:00+00:00
[2026-05-30T07:10:54.202+0000] {processor.py:183} INFO - Processing /opt/airflow/dags/master_pipeline_dag.py took 0.042 seconds
[2026-05-30T07:12:39.162+0000] {processor.py:161} INFO - Started process (PID=233) to work on /opt/airflow/dags/master_pipeline_dag.py
[2026-05-30T07:12:39.163+0000] {processor.py:830} INFO - Processing file /opt/airflow/dags/master_pipeline_dag.py for tasks to queue
[2026-05-30T07:12:39.165+0000] {logging_mixin.py:188} INFO - [2026-05-30T07:12:39.165+0000] {dagbag.py:545} INFO - Filling up the DagBag from /opt/airflow/dags/master_pipeline_dag.py
[2026-05-30T07:12:39.189+0000] {processor.py:840} INFO - DAG(s) 'client_analytics_master_pipeline' retrieved from /opt/airflow/dags/master_pipeline_dag.py
[2026-05-30T07:12:39.214+0000] {logging_mixin.py:188} INFO - [2026-05-30T07:12:39.214+0000] {dag.py:3096} INFO - Sync 1 DAGs
[2026-05-30T07:12:39.227+0000] {logging_mixin.py:188} INFO - [2026-05-30T07:12:39.226+0000] {dag.py:3954} INFO - Setting next_dagrun for client_analytics_master_pipeline to 2026-05-30 06:00:00+00:00, run_after=2026-05-31 06:00:00+00:00
[2026-05-30T07:12:39.235+0000] {processor.py:183} INFO - Processing /opt/airflow/dags/master_pipeline_dag.py took 0.078 seconds
[2026-05-30T07:18:12.462+0000] {processor.py:161} INFO - Started process (PID=238) to work on /opt/airflow/dags/master_pipeline_dag.py
[2026-05-30T07:18:12.463+0000] {processor.py:830} INFO - Processing file /opt/airflow/dags/master_pipeline_dag.py for tasks to queue
[2026-05-30T07:18:12.465+0000] {logging_mixin.py:188} INFO - [2026-05-30T07:18:12.465+0000] {dagbag.py:545} INFO - Filling up the DagBag from /opt/airflow/dags/master_pipeline_dag.py
[2026-05-30T07:18:12.489+0000] {processor.py:840} INFO - DAG(s) 'client_analytics_master_pipeline' retrieved from /opt/airflow/dags/master_pipeline_dag.py
[2026-05-30T07:18:12.522+0000] {logging_mixin.py:188} INFO - [2026-05-30T07:18:12.522+0000] {dag.py:3096} INFO - Sync 1 DAGs
[2026-05-30T07:18:12.537+0000] {logging_mixin.py:188} INFO - [2026-05-30T07:18:12.537+0000] {dag.py:3954} INFO - Setting next_dagrun for client_analytics_master_pipeline to 2026-05-30 06:00:00+00:00, run_after=2026-05-31 06:00:00+00:00
[2026-05-30T07:18:12.547+0000] {processor.py:183} INFO - Processing /opt/airflow/dags/master_pipeline_dag.py took 0.091 seconds
[2026-05-30T07:36:29.726+0000] {processor.py:161} INFO - Started process (PID=243) to work on /opt/airflow/dags/master_pipeline_dag.py
[2026-05-30T07:36:29.727+0000] {processor.py:830} INFO - Processing file /opt/airflow/dags/master_pipeline_dag.py for tasks to queue
[2026-05-30T07:36:29.729+0000] {logging_mixin.py:188} INFO - [2026-05-30T07:36:29.728+0000] {dagbag.py:545} INFO - Filling up the DagBag from /opt/airflow/dags/master_pipeline_dag.py
[2026-05-30T07:36:29.743+0000] {processor.py:840} INFO - DAG(s) 'client_analytics_master_pipeline' retrieved from /opt/airflow/dags/master_pipeline_dag.py
[2026-05-30T07:36:29.779+0000] {logging_mixin.py:188} INFO - [2026-05-30T07:36:29.779+0000] {dag.py:3096} INFO - Sync 1 DAGs
[2026-05-30T07:36:29.800+0000] {logging_mixin.py:188} INFO - [2026-05-30T07:36:29.800+0000] {dag.py:3954} INFO - Setting next_dagrun for client_analytics_master_pipeline to 2026-05-30 06:00:00+00:00, run_after=2026-05-31 06:00:00+00:00
[2026-05-30T07:36:29.809+0000] {processor.py:183} INFO - Processing /opt/airflow/dags/master_pipeline_dag.py took 0.087 seconds
[2026-05-30T07:40:15.887+0000] {processor.py:161} INFO - Started process (PID=248) to work on /opt/airflow/dags/master_pipeline_dag.py
[2026-05-30T07:40:15.888+0000] {processor.py:830} INFO - Processing file /opt/airflow/dags/master_pipeline_dag.py for tasks to queue
[2026-05-30T07:40:15.890+0000] {logging_mixin.py:188} INFO - [2026-05-30T07:40:15.890+0000] {dagbag.py:545} INFO - Filling up the DagBag from /opt/airflow/dags/master_pipeline_dag.py
[2026-05-30T07:40:15.902+0000] {processor.py:840} INFO - DAG(s) 'client_analytics_master_pipeline' retrieved from /opt/airflow/dags/master_pipeline_dag.py
[2026-05-30T07:40:15.922+0000] {logging_mixin.py:188} INFO - [2026-05-30T07:40:15.922+0000] {dag.py:3096} INFO - Sync 1 DAGs
[2026-05-30T07:40:15.933+0000] {logging_mixin.py:188} INFO - [2026-05-30T07:40:15.933+0000] {dag.py:3954} INFO - Setting next_dagrun for client_analytics_master_pipeline to 2026-05-30 06:00:00+00:00, run_after=2026-05-31 06:00:00+00:00
[2026-05-30T07:40:15.941+0000] {processor.py:183} INFO - Processing /opt/airflow/dags/master_pipeline_dag.py took 0.063 seconds
[2026-05-30T07:40:46.208+0000] {processor.py:161} INFO - Started process (PID=253) to work on /opt/airflow/dags/master_pipeline_dag.py
[2026-05-30T07:40:46.209+0000] {processor.py:830} INFO - Processing file /opt/airflow/dags/master_pipeline_dag.py for tasks to queue
[2026-05-30T07:40:46.212+0000] {logging_mixin.py:188} INFO - [2026-05-30T07:40:46.211+0000] {dagbag.py:545} INFO - Filling up the DagBag from /opt/airflow/dags/master_pipeline_dag.py
[2026-05-30T07:40:46.224+0000] {processor.py:840} INFO - DAG(s) 'client_analytics_master_pipeline' retrieved from /opt/airflow/dags/master_pipeline_dag.py
[2026-05-30T07:40:46.243+0000] {logging_mixin.py:188} INFO - [2026-05-30T07:40:46.243+0000] {dag.py:3096} INFO - Sync 1 DAGs
[2026-05-30T07:40:46.256+0000] {logging_mixin.py:188} INFO - [2026-05-30T07:40:46.256+0000] {dag.py:3954} INFO - Setting next_dagrun for client_analytics_master_pipeline to 2026-05-30 06:00:00+00:00, run_after=2026-05-31 06:00:00+00:00
[2026-05-30T07:40:46.264+0000] {processor.py:183} INFO - Processing /opt/airflow/dags/master_pipeline_dag.py took 0.061 seconds
[2026-05-30T07:41:16.589+0000] {processor.py:161} INFO - Started process (PID=258) to work on /opt/airflow/dags/master_pipeline_dag.py
[2026-05-30T07:41:16.591+0000] {processor.py:830} INFO - Processing file /opt/airflow/dags/master_pipeline_dag.py for tasks to queue
[2026-05-30T07:41:16.592+0000] {logging_mixin.py:188} INFO - [2026-05-30T07:41:16.592+0000] {dagbag.py:545} INFO - Filling up the DagBag from /opt/airflow/dags/master_pipeline_dag.py
[2026-05-30T07:41:16.614+0000] {processor.py:840} INFO - DAG(s) 'client_analytics_master_pipeline' retrieved from /opt/airflow/dags/master_pipeline_dag.py
[2026-05-30T07:41:16.634+0000] {logging_mixin.py:188} INFO - [2026-05-30T07:41:16.633+0000] {dag.py:3096} INFO - Sync 1 DAGs
[2026-05-30T07:41:16.647+0000] {logging_mixin.py:188} INFO - [2026-05-30T07:41:16.647+0000] {dag.py:3954} INFO - Setting next_dagrun for client_analytics_master_pipeline to 2026-05-30 06:00:00+00:00, run_after=2026-05-31 06:00:00+00:00
[2026-05-30T07:41:16.654+0000] {processor.py:183} INFO - Processing /opt/airflow/dags/master_pipeline_dag.py took 0.070 seconds
[2026-05-30T07:41:46.928+0000] {processor.py:161} INFO - Started process (PID=263) to work on /opt/airflow/dags/master_pipeline_dag.py
[2026-05-30T07:41:46.929+0000] {processor.py:830} INFO - Processing file /opt/airflow/dags/master_pipeline_dag.py for tasks to queue
[2026-05-30T07:41:46.932+0000] {logging_mixin.py:188} INFO - [2026-05-30T07:41:46.931+0000] {dagbag.py:545} INFO - Filling up the DagBag from /opt/airflow/dags/master_pipeline_dag.py
[2026-05-30T07:41:46.953+0000] {processor.py:840} INFO - DAG(s) 'client_analytics_master_pipeline' retrieved from /opt/airflow/dags/master_pipeline_dag.py
[2026-05-30T07:41:46.994+0000] {logging_mixin.py:188} INFO - [2026-05-30T07:41:46.994+0000] {dag.py:3096} INFO - Sync 1 DAGs
[2026-05-30T07:41:47.012+0000] {logging_mixin.py:188} INFO - [2026-05-30T07:41:47.012+0000] {dag.py:3954} INFO - Setting next_dagrun for client_analytics_master_pipeline to 2026-05-30 06:00:00+00:00, run_after=2026-05-31 06:00:00+00:00
[2026-05-30T07:41:47.029+0000] {processor.py:183} INFO - Processing /opt/airflow/dags/master_pipeline_dag.py took 0.108 seconds
[2026-05-30T07:42:17.264+0000] {processor.py:161} INFO - Started process (PID=268) to work on /opt/airflow/dags/master_pipeline_dag.py
[2026-05-30T07:42:17.266+0000] {processor.py:830} INFO - Processing file /opt/airflow/dags/master_pipeline_dag.py for tasks to queue
[2026-05-30T07:42:17.268+0000] {logging_mixin.py:188} INFO - [2026-05-30T07:42:17.268+0000] {dagbag.py:545} INFO - Filling up the DagBag from /opt/airflow/dags/master_pipeline_dag.py
[2026-05-30T07:42:17.281+0000] {processor.py:840} INFO - DAG(s) 'client_analytics_master_pipeline' retrieved from /opt/airflow/dags/master_pipeline_dag.py
[2026-05-30T07:42:17.303+0000] {logging_mixin.py:188} INFO - [2026-05-30T07:42:17.303+0000] {dag.py:3096} INFO - Sync 1 DAGs
[2026-05-30T07:42:17.318+0000] {logging_mixin.py:188} INFO - [2026-05-30T07:42:17.318+0000] {dag.py:3954} INFO - Setting next_dagrun for client_analytics_master_pipeline to 2026-05-30 06:00:00+00:00, run_after=2026-05-31 06:00:00+00:00
[2026-05-30T07:42:17.328+0000] {processor.py:183} INFO - Processing /opt/airflow/dags/master_pipeline_dag.py took 0.070 seconds
[2026-05-30T07:42:47.582+0000] {processor.py:161} INFO - Started process (PID=273) to work on /opt/airflow/dags/master_pipeline_dag.py
[2026-05-30T07:42:47.583+0000] {processor.py:830} INFO - Processing file /opt/airflow/dags/master_pipeline_dag.py for tasks to queue
[2026-05-30T07:42:47.585+0000] {logging_mixin.py:188} INFO - [2026-05-30T07:42:47.584+0000] {dagbag.py:545} INFO - Filling up the DagBag from /opt/airflow/dags/master_pipeline_dag.py
[2026-05-30T07:42:47.599+0000] {processor.py:840} INFO - DAG(s) 'client_analytics_master_pipeline' retrieved from /opt/airflow/dags/master_pipeline_dag.py
[2026-05-30T07:42:47.621+0000] {logging_mixin.py:188} INFO - [2026-05-30T07:42:47.621+0000] {dag.py:3096} INFO - Sync 1 DAGs
[2026-05-30T07:42:47.633+0000] {logging_mixin.py:188} INFO - [2026-05-30T07:42:47.633+0000] {dag.py:3954} INFO - Setting next_dagrun for client_analytics_master_pipeline to 2026-05-30 06:00:00+00:00, run_after=2026-05-31 06:00:00+00:00
[2026-05-30T07:42:47.640+0000] {processor.py:183} INFO - Processing /opt/airflow/dags/master_pipeline_dag.py took 0.065 seconds
[2026-05-30T07:43:18.071+0000] {processor.py:161} INFO - Started process (PID=278) to work on /opt/airflow/dags/master_pipeline_dag.py
[2026-05-30T07:43:18.072+0000] {processor.py:830} INFO - Processing file /opt/airflow/dags/master_pipeline_dag.py for tasks to queue
[2026-05-30T07:43:18.075+0000] {logging_mixin.py:188} INFO - [2026-05-30T07:43:18.074+0000] {dagbag.py:545} INFO - Filling up the DagBag from /opt/airflow/dags/master_pipeline_dag.py
[2026-05-30T07:43:18.086+0000] {processor.py:840} INFO - DAG(s) 'client_analytics_master_pipeline' retrieved from /opt/airflow/dags/master_pipeline_dag.py
[2026-05-30T07:43:18.108+0000] {logging_mixin.py:188} INFO - [2026-05-30T07:43:18.108+0000] {dag.py:3096} INFO - Sync 1 DAGs
[2026-05-30T07:43:18.122+0000] {logging_mixin.py:188} INFO - [2026-05-30T07:43:18.122+0000] {dag.py:3954} INFO - Setting next_dagrun for client_analytics_master_pipeline to 2026-05-30 06:00:00+00:00, run_after=2026-05-31 06:00:00+00:00
[2026-05-30T07:43:18.131+0000] {processor.py:183} INFO - Processing /opt/airflow/dags/master_pipeline_dag.py took 0.064 seconds
[2026-05-30T07:43:48.384+0000] {processor.py:161} INFO - Started process (PID=283) to work on /opt/airflow/dags/master_pipeline_dag.py
[2026-05-30T07:43:48.385+0000] {processor.py:830} INFO - Processing file /opt/airflow/dags/master_pipeline_dag.py for tasks to queue
[2026-05-30T07:43:48.387+0000] {logging_mixin.py:188} INFO - [2026-05-30T07:43:48.386+0000] {dagbag.py:545} INFO - Filling up the DagBag from /opt/airflow/dags/master_pipeline_dag.py
[2026-05-30T07:43:48.399+0000] {processor.py:840} INFO - DAG(s) 'client_analytics_master_pipeline' retrieved from /opt/airflow/dags/master_pipeline_dag.py
[2026-05-30T07:43:48.419+0000] {logging_mixin.py:188} INFO - [2026-05-30T07:43:48.419+0000] {dag.py:3096} INFO - Sync 1 DAGs
[2026-05-30T07:43:48.431+0000] {logging_mixin.py:188} INFO - [2026-05-30T07:43:48.431+0000] {dag.py:3954} INFO - Setting next_dagrun for client_analytics_master_pipeline to 2026-05-30 06:00:00+00:00, run_after=2026-05-31 06:00:00+00:00
[2026-05-30T07:43:48.439+0000] {processor.py:183} INFO - Processing /opt/airflow/dags/master_pipeline_dag.py took 0.062 seconds
[2026-05-30T07:44:18.702+0000] {processor.py:161} INFO - Started process (PID=288) to work on /opt/airflow/dags/master_pipeline_dag.py
[2026-05-30T07:44:18.703+0000] {processor.py:830} INFO - Processing file /opt/airflow/dags/master_pipeline_dag.py for tasks to queue
[2026-05-30T07:44:18.705+0000] {logging_mixin.py:188} INFO - [2026-05-30T07:44:18.705+0000] {dagbag.py:545} INFO - Filling up the DagBag from /opt/airflow/dags/master_pipeline_dag.py
[2026-05-30T07:44:18.716+0000] {processor.py:840} INFO - DAG(s) 'client_analytics_master_pipeline' retrieved from /opt/airflow/dags/master_pipeline_dag.py
[2026-05-30T07:44:18.739+0000] {logging_mixin.py:188} INFO - [2026-05-30T07:44:18.739+0000] {dag.py:3096} INFO - Sync 1 DAGs
[2026-05-30T07:44:18.751+0000] {logging_mixin.py:188} INFO - [2026-05-30T07:44:18.751+0000] {dag.py:3954} INFO - Setting next_dagrun for client_analytics_master_pipeline to 2026-05-30 06:00:00+00:00, run_after=2026-05-31 06:00:00+00:00
[2026-05-30T07:44:18.759+0000] {processor.py:183} INFO - Processing /opt/airflow/dags/master_pipeline_dag.py took 0.062 seconds
[2026-05-30T07:44:49.067+0000] {processor.py:161} INFO - Started process (PID=293) to work on /opt/airflow/dags/master_pipeline_dag.py
[2026-05-30T07:44:49.069+0000] {processor.py:830} INFO - Processing file /opt/airflow/dags/master_pipeline_dag.py for tasks to queue
[2026-05-30T07:44:49.071+0000] {logging_mixin.py:188} INFO - [2026-05-30T07:44:49.071+0000] {dagbag.py:545} INFO - Filling up the DagBag from /opt/airflow/dags/master_pipeline_dag.py
[2026-05-30T07:44:49.088+0000] {processor.py:840} INFO - DAG(s) 'client_analytics_master_pipeline' retrieved from /opt/airflow/dags/master_pipeline_dag.py
[2026-05-30T07:44:49.113+0000] {logging_mixin.py:188} INFO - [2026-05-30T07:44:49.113+0000] {dag.py:3096} INFO - Sync 1 DAGs
[2026-05-30T07:44:49.131+0000] {logging_mixin.py:188} INFO - [2026-05-30T07:44:49.130+0000] {dag.py:3954} INFO - Setting next_dagrun for client_analytics_master_pipeline to 2026-05-30 06:00:00+00:00, run_after=2026-05-31 06:00:00+00:00
[2026-05-30T07:44:49.141+0000] {processor.py:183} INFO - Processing /opt/airflow/dags/master_pipeline_dag.py took 0.082 seconds
[2026-05-30T07:45:19.417+0000] {processor.py:161} INFO - Started process (PID=298) to work on /opt/airflow/dags/master_pipeline_dag.py
[2026-05-30T07:45:19.418+0000] {processor.py:830} INFO - Processing file /opt/airflow/dags/master_pipeline_dag.py for tasks to queue
[2026-05-30T07:45:19.420+0000] {logging_mixin.py:188} INFO - [2026-05-30T07:45:19.420+0000] {dagbag.py:545} INFO - Filling up the DagBag from /opt/airflow/dags/master_pipeline_dag.py
[2026-05-30T07:45:19.435+0000] {processor.py:840} INFO - DAG(s) 'client_analytics_master_pipeline' retrieved from /opt/airflow/dags/master_pipeline_dag.py
[2026-05-30T07:45:19.475+0000] {logging_mixin.py:188} INFO - [2026-05-30T07:45:19.475+0000] {dag.py:3096} INFO - Sync 1 DAGs
[2026-05-30T07:45:19.490+0000] {logging_mixin.py:188} INFO - [2026-05-30T07:45:19.490+0000] {dag.py:3954} INFO - Setting next_dagrun for client_analytics_master_pipeline to 2026-05-30 06:00:00+00:00, run_after=2026-05-31 06:00:00+00:00
[2026-05-30T07:45:19.500+0000] {processor.py:183} INFO - Processing /opt/airflow/dags/master_pipeline_dag.py took 0.090 seconds
[2026-05-30T07:45:49.761+0000] {processor.py:161} INFO - Started process (PID=303) to work on /opt/airflow/dags/master_pipeline_dag.py
[2026-05-30T07:45:49.763+0000] {processor.py:830} INFO - Processing file /opt/airflow/dags/master_pipeline_dag.py for tasks to queue
[2026-05-30T07:45:49.764+0000] {logging_mixin.py:188} INFO - [2026-05-30T07:45:49.764+0000] {dagbag.py:545} INFO - Filling up the DagBag from /opt/airflow/dags/master_pipeline_dag.py
[2026-05-30T07:45:49.784+0000] {processor.py:840} INFO - DAG(s) 'client_analytics_master_pipeline' retrieved from /opt/airflow/dags/master_pipeline_dag.py
[2026-05-30T07:45:49.812+0000] {logging_mixin.py:188} INFO - [2026-05-30T07:45:49.811+0000] {dag.py:3096} INFO - Sync 1 DAGs
[2026-05-30T07:45:49.837+0000] {logging_mixin.py:188} INFO - [2026-05-30T07:45:49.837+0000] {dag.py:3954} INFO - Setting next_dagrun for client_analytics_master_pipeline to 2026-05-30 06:00:00+00:00, run_after=2026-05-31 06:00:00+00:00
[2026-05-30T07:45:49.847+0000] {processor.py:183} INFO - Processing /opt/airflow/dags/master_pipeline_dag.py took 0.093 seconds
[2026-05-30T07:46:20.065+0000] {processor.py:161} INFO - Started process (PID=308) to work on /opt/airflow/dags/master_pipeline_dag.py
[2026-05-30T07:46:20.065+0000] {processor.py:830} INFO - Processing file /opt/airflow/dags/master_pipeline_dag.py for tasks to queue
[2026-05-30T07:46:20.067+0000] {logging_mixin.py:188} INFO - [2026-05-30T07:46:20.067+0000] {dagbag.py:545} INFO - Filling up the DagBag from /opt/airflow/dags/master_pipeline_dag.py
[2026-05-30T07:46:20.079+0000] {processor.py:840} INFO - DAG(s) 'client_analytics_master_pipeline' retrieved from /opt/airflow/dags/master_pipeline_dag.py
[2026-05-30T07:46:20.099+0000] {logging_mixin.py:188} INFO - [2026-05-30T07:46:20.099+0000] {dag.py:3096} INFO - Sync 1 DAGs
[2026-05-30T07:46:20.111+0000] {logging_mixin.py:188} INFO - [2026-05-30T07:46:20.110+0000] {dag.py:3954} INFO - Setting next_dagrun for client_analytics_master_pipeline to 2026-05-30 06:00:00+00:00, run_after=2026-05-31 06:00:00+00:00
[2026-05-30T07:46:20.118+0000] {processor.py:183} INFO - Processing /opt/airflow/dags/master_pipeline_dag.py took 0.058 seconds
[2026-05-30T07:46:50.361+0000] {processor.py:161} INFO - Started process (PID=313) to work on /opt/airflow/dags/master_pipeline_dag.py
[2026-05-30T07:46:50.362+0000] {processor.py:830} INFO - Processing file /opt/airflow/dags/master_pipeline_dag.py for tasks to queue
[2026-05-30T07:46:50.363+0000] {logging_mixin.py:188} INFO - [2026-05-30T07:46:50.363+0000] {dagbag.py:545} INFO - Filling up the DagBag from /opt/airflow/dags/master_pipeline_dag.py
[2026-05-30T07:46:50.369+0000] {processor.py:840} INFO - DAG(s) 'client_analytics_master_pipeline' retrieved from /opt/airflow/dags/master_pipeline_dag.py
[2026-05-30T07:46:50.386+0000] {logging_mixin.py:188} INFO - [2026-05-30T07:46:50.386+0000] {dag.py:3096} INFO - Sync 1 DAGs
[2026-05-30T07:46:50.396+0000] {logging_mixin.py:188} INFO - [2026-05-30T07:46:50.396+0000] {dag.py:3954} INFO - Setting next_dagrun for client_analytics_master_pipeline to 2026-05-30 06:00:00+00:00, run_after=2026-05-31 06:00:00+00:00
[2026-05-30T07:46:50.404+0000] {processor.py:183} INFO - Processing /opt/airflow/dags/master_pipeline_dag.py took 0.046 seconds
[2026-05-30T07:47:20.654+0000] {processor.py:161} INFO - Started process (PID=318) to work on /opt/airflow/dags/master_pipeline_dag.py
[2026-05-30T07:47:20.655+0000] {processor.py:830} INFO - Processing file /opt/airflow/dags/master_pipeline_dag.py for tasks to queue
[2026-05-30T07:47:20.657+0000] {logging_mixin.py:188} INFO - [2026-05-30T07:47:20.657+0000] {dagbag.py:545} INFO - Filling up the DagBag from /opt/airflow/dags/master_pipeline_dag.py
[2026-05-30T07:47:20.669+0000] {processor.py:840} INFO - DAG(s) 'client_analytics_master_pipeline' retrieved from /opt/airflow/dags/master_pipeline_dag.py
[2026-05-30T07:47:20.686+0000] {logging_mixin.py:188} INFO - [2026-05-30T07:47:20.686+0000] {dag.py:3096} INFO - Sync 1 DAGs
[2026-05-30T07:47:20.697+0000] {logging_mixin.py:188} INFO - [2026-05-30T07:47:20.697+0000] {dag.py:3954} INFO - Setting next_dagrun for client_analytics_master_pipeline to 2026-05-30 06:00:00+00:00, run_after=2026-05-31 06:00:00+00:00
[2026-05-30T07:47:20.704+0000] {processor.py:183} INFO - Processing /opt/airflow/dags/master_pipeline_dag.py took 0.059 seconds
[2026-05-30T07:47:50.959+0000] {processor.py:161} INFO - Started process (PID=323) to work on /opt/airflow/dags/master_pipeline_dag.py
[2026-05-30T07:47:50.959+0000] {processor.py:830} INFO - Processing file /opt/airflow/dags/master_pipeline_dag.py for tasks to queue
[2026-05-30T07:47:50.961+0000] {logging_mixin.py:188} INFO - [2026-05-30T07:47:50.960+0000] {dagbag.py:545} INFO - Filling up the DagBag from /opt/airflow/dags/master_pipeline_dag.py
[2026-05-30T07:47:50.969+0000] {processor.py:840} INFO - DAG(s) 'client_analytics_master_pipeline' retrieved from /opt/airflow/dags/master_pipeline_dag.py
[2026-05-30T07:47:50.985+0000] {logging_mixin.py:188} INFO - [2026-05-30T07:47:50.985+0000] {dag.py:3096} INFO - Sync 1 DAGs
[2026-05-30T07:47:50.995+0000] {logging_mixin.py:188} INFO - [2026-05-30T07:47:50.994+0000] {dag.py:3954} INFO - Setting next_dagrun for client_analytics_master_pipeline to 2026-05-30 06:00:00+00:00, run_after=2026-05-31 06:00:00+00:00
[2026-05-30T07:47:51.002+0000] {processor.py:183} INFO - Processing /opt/airflow/dags/master_pipeline_dag.py took 0.047 seconds
[2026-05-30T07:48:21.254+0000] {processor.py:161} INFO - Started process (PID=328) to work on /opt/airflow/dags/master_pipeline_dag.py
[2026-05-30T07:48:21.255+0000] {processor.py:830} INFO - Processing file /opt/airflow/dags/master_pipeline_dag.py for tasks to queue
[2026-05-30T07:48:21.256+0000] {logging_mixin.py:188} INFO - [2026-05-30T07:48:21.256+0000] {dagbag.py:545} INFO - Filling up the DagBag from /opt/airflow/dags/master_pipeline_dag.py
[2026-05-30T07:48:21.265+0000] {processor.py:840} INFO - DAG(s) 'client_analytics_master_pipeline' retrieved from /opt/airflow/dags/master_pipeline_dag.py
[2026-05-30T07:48:21.280+0000] {logging_mixin.py:188} INFO - [2026-05-30T07:48:21.280+0000] {dag.py:3096} INFO - Sync 1 DAGs
[2026-05-30T07:48:21.291+0000] {logging_mixin.py:188} INFO - [2026-05-30T07:48:21.291+0000] {dag.py:3954} INFO - Setting next_dagrun for client_analytics_master_pipeline to 2026-05-30 06:00:00+00:00, run_after=2026-05-31 06:00:00+00:00
[2026-05-30T07:48:21.300+0000] {processor.py:183} INFO - Processing /opt/airflow/dags/master_pipeline_dag.py took 0.050 seconds
[2026-05-30T07:48:51.554+0000] {processor.py:161} INFO - Started process (PID=333) to work on /opt/airflow/dags/master_pipeline_dag.py
[2026-05-30T07:48:51.555+0000] {processor.py:830} INFO - Processing file /opt/airflow/dags/master_pipeline_dag.py for tasks to queue
[2026-05-30T07:48:51.556+0000] {logging_mixin.py:188} INFO - [2026-05-30T07:48:51.556+0000] {dagbag.py:545} INFO - Filling up the DagBag from /opt/airflow/dags/master_pipeline_dag.py
[2026-05-30T07:48:51.570+0000] {processor.py:840} INFO - DAG(s) 'client_analytics_master_pipeline' retrieved from /opt/airflow/dags/master_pipeline_dag.py
[2026-05-30T07:48:51.590+0000] {logging_mixin.py:188} INFO - [2026-05-30T07:48:51.590+0000] {dag.py:3096} INFO - Sync 1 DAGs
[2026-05-30T07:48:51.601+0000] {logging_mixin.py:188} INFO - [2026-05-30T07:48:51.601+0000] {dag.py:3954} INFO - Setting next_dagrun for client_analytics_master_pipeline to 2026-05-30 06:00:00+00:00, run_after=2026-05-31 06:00:00+00:00
[2026-05-30T07:48:51.608+0000] {processor.py:183} INFO - Processing /opt/airflow/dags/master_pipeline_dag.py took 0.060 seconds
[2026-05-30T07:49:21.870+0000] {processor.py:161} INFO - Started process (PID=338) to work on /opt/airflow/dags/master_pipeline_dag.py
[2026-05-30T07:49:21.870+0000] {processor.py:830} INFO - Processing file /opt/airflow/dags/master_pipeline_dag.py for tasks to queue
[2026-05-30T07:49:21.872+0000] {logging_mixin.py:188} INFO - [2026-05-30T07:49:21.871+0000] {dagbag.py:545} INFO - Filling up the DagBag from /opt/airflow/dags/master_pipeline_dag.py
[2026-05-30T07:49:21.881+0000] {processor.py:840} INFO - DAG(s) 'client_analytics_master_pipeline' retrieved from /opt/airflow/dags/master_pipeline_dag.py
[2026-05-30T07:49:21.896+0000] {logging_mixin.py:188} INFO - [2026-05-30T07:49:21.896+0000] {dag.py:3096} INFO - Sync 1 DAGs
[2026-05-30T07:49:21.906+0000] {logging_mixin.py:188} INFO - [2026-05-30T07:49:21.905+0000] {dag.py:3954} INFO - Setting next_dagrun for client_analytics_master_pipeline to 2026-05-30 06:00:00+00:00, run_after=2026-05-31 06:00:00+00:00
[2026-05-30T07:49:21.912+0000] {processor.py:183} INFO - Processing /opt/airflow/dags/master_pipeline_dag.py took 0.047 seconds
[2026-05-30T07:49:52.177+0000] {processor.py:161} INFO - Started process (PID=343) to work on /opt/airflow/dags/master_pipeline_dag.py
[2026-05-30T07:49:52.178+0000] {processor.py:830} INFO - Processing file /opt/airflow/dags/master_pipeline_dag.py for tasks to queue
[2026-05-30T07:49:52.179+0000] {logging_mixin.py:188} INFO - [2026-05-30T07:49:52.179+0000] {dagbag.py:545} INFO - Filling up the DagBag from /opt/airflow/dags/master_pipeline_dag.py
[2026-05-30T07:49:52.188+0000] {processor.py:840} INFO - DAG(s) 'client_analytics_master_pipeline' retrieved from /opt/airflow/dags/master_pipeline_dag.py
[2026-05-30T07:49:52.205+0000] {logging_mixin.py:188} INFO - [2026-05-30T07:49:52.204+0000] {dag.py:3096} INFO - Sync 1 DAGs
[2026-05-30T07:49:52.213+0000] {logging_mixin.py:188} INFO - [2026-05-30T07:49:52.213+0000] {dag.py:3954} INFO - Setting next_dagrun for client_analytics_master_pipeline to 2026-05-30 06:00:00+00:00, run_after=2026-05-31 06:00:00+00:00
[2026-05-30T07:49:52.220+0000] {processor.py:183} INFO - Processing /opt/airflow/dags/master_pipeline_dag.py took 0.048 seconds
[2026-05-30T07:50:22.465+0000] {processor.py:161} INFO - Started process (PID=348) to work on /opt/airflow/dags/master_pipeline_dag.py
[2026-05-30T07:50:22.465+0000] {processor.py:830} INFO - Processing file /opt/airflow/dags/master_pipeline_dag.py for tasks to queue
[2026-05-30T07:50:22.467+0000] {logging_mixin.py:188} INFO - [2026-05-30T07:50:22.467+0000] {dagbag.py:545} INFO - Filling up the DagBag from /opt/airflow/dags/master_pipeline_dag.py
[2026-05-30T07:50:22.477+0000] {processor.py:840} INFO - DAG(s) 'client_analytics_master_pipeline' retrieved from /opt/airflow/dags/master_pipeline_dag.py
[2026-05-30T07:50:22.492+0000] {logging_mixin.py:188} INFO - [2026-05-30T07:50:22.492+0000] {dag.py:3096} INFO - Sync 1 DAGs
[2026-05-30T07:50:22.502+0000] {logging_mixin.py:188} INFO - [2026-05-30T07:50:22.502+0000] {dag.py:3954} INFO - Setting next_dagrun for client_analytics_master_pipeline to 2026-05-30 06:00:00+00:00, run_after=2026-05-31 06:00:00+00:00
[2026-05-30T07:50:22.509+0000] {processor.py:183} INFO - Processing /opt/airflow/dags/master_pipeline_dag.py took 0.049 seconds
[2026-05-30T07:50:52.774+0000] {processor.py:161} INFO - Started process (PID=353) to work on /opt/airflow/dags/master_pipeline_dag.py
[2026-05-30T07:50:52.775+0000] {processor.py:830} INFO - Processing file /opt/airflow/dags/master_pipeline_dag.py for tasks to queue
[2026-05-30T07:50:52.777+0000] {logging_mixin.py:188} INFO - [2026-05-30T07:50:52.776+0000] {dagbag.py:545} INFO - Filling up the DagBag from /opt/airflow/dags/master_pipeline_dag.py
[2026-05-30T07:50:52.788+0000] {processor.py:840} INFO - DAG(s) 'client_analytics_master_pipeline' retrieved from /opt/airflow/dags/master_pipeline_dag.py
[2026-05-30T07:50:52.807+0000] {logging_mixin.py:188} INFO - [2026-05-30T07:50:52.807+0000] {dag.py:3096} INFO - Sync 1 DAGs
[2026-05-30T07:50:52.818+0000] {logging_mixin.py:188} INFO - [2026-05-30T07:50:52.818+0000] {dag.py:3954} INFO - Setting next_dagrun for client_analytics_master_pipeline to 2026-05-30 06:00:00+00:00, run_after=2026-05-31 06:00:00+00:00
[2026-05-30T07:50:52.827+0000] {processor.py:183} INFO - Processing /opt/airflow/dags/master_pipeline_dag.py took 0.060 seconds
[2026-05-30T07:51:23.075+0000] {processor.py:161} INFO - Started process (PID=358) to work on /opt/airflow/dags/master_pipeline_dag.py
[2026-05-30T07:51:23.076+0000] {processor.py:830} INFO - Processing file /opt/airflow/dags/master_pipeline_dag.py for tasks to queue
[2026-05-30T07:51:23.077+0000] {logging_mixin.py:188} INFO - [2026-05-30T07:51:23.076+0000] {dagbag.py:545} INFO - Filling up the DagBag from /opt/airflow/dags/master_pipeline_dag.py
[2026-05-30T07:51:23.086+0000] {processor.py:840} INFO - DAG(s) 'client_analytics_master_pipeline' retrieved from /opt/airflow/dags/master_pipeline_dag.py
[2026-05-30T07:51:23.104+0000] {logging_mixin.py:188} INFO - [2026-05-30T07:51:23.104+0000] {dag.py:3096} INFO - Sync 1 DAGs
[2026-05-30T07:51:23.114+0000] {logging_mixin.py:188} INFO - [2026-05-30T07:51:23.114+0000] {dag.py:3954} INFO - Setting next_dagrun for client_analytics_master_pipeline to 2026-05-30 06:00:00+00:00, run_after=2026-05-31 06:00:00+00:00
[2026-05-30T07:51:23.121+0000] {processor.py:183} INFO - Processing /opt/airflow/dags/master_pipeline_dag.py took 0.050 seconds
[2026-05-30T07:51:53.397+0000] {processor.py:161} INFO - Started process (PID=363) to work on /opt/airflow/dags/master_pipeline_dag.py
[2026-05-30T07:51:53.398+0000] {processor.py:830} INFO - Processing file /opt/airflow/dags/master_pipeline_dag.py for tasks to queue
[2026-05-30T07:51:53.399+0000] {logging_mixin.py:188} INFO - [2026-05-30T07:51:53.399+0000] {dagbag.py:545} INFO - Filling up the DagBag from /opt/airflow/dags/master_pipeline_dag.py
[2026-05-30T07:51:53.409+0000] {processor.py:840} INFO - DAG(s) 'client_analytics_master_pipeline' retrieved from /opt/airflow/dags/master_pipeline_dag.py
[2026-05-30T07:51:53.426+0000] {logging_mixin.py:188} INFO - [2026-05-30T07:51:53.426+0000] {dag.py:3096} INFO - Sync 1 DAGs
[2026-05-30T07:51:53.437+0000] {logging_mixin.py:188} INFO - [2026-05-30T07:51:53.437+0000] {dag.py:3954} INFO - Setting next_dagrun for client_analytics_master_pipeline to 2026-05-30 06:00:00+00:00, run_after=2026-05-31 06:00:00+00:00
[2026-05-30T07:51:53.444+0000] {processor.py:183} INFO - Processing /opt/airflow/dags/master_pipeline_dag.py took 0.051 seconds
[2026-05-30T07:52:23.687+0000] {processor.py:161} INFO - Started process (PID=368) to work on /opt/airflow/dags/master_pipeline_dag.py
[2026-05-30T07:52:23.688+0000] {processor.py:830} INFO - Processing file /opt/airflow/dags/master_pipeline_dag.py for tasks to queue
[2026-05-30T07:52:23.689+0000] {logging_mixin.py:188} INFO - [2026-05-30T07:52:23.689+0000] {dagbag.py:545} INFO - Filling up the DagBag from /opt/airflow/dags/master_pipeline_dag.py
[2026-05-30T07:52:23.698+0000] {processor.py:840} INFO - DAG(s) 'client_analytics_master_pipeline' retrieved from /opt/airflow/dags/master_pipeline_dag.py
[2026-05-30T07:52:23.713+0000] {logging_mixin.py:188} INFO - [2026-05-30T07:52:23.713+0000] {dag.py:3096} INFO - Sync 1 DAGs
[2026-05-30T07:52:23.723+0000] {logging_mixin.py:188} INFO - [2026-05-30T07:52:23.723+0000] {dag.py:3954} INFO - Setting next_dagrun for client_analytics_master_pipeline to 2026-05-30 06:00:00+00:00, run_after=2026-05-31 06:00:00+00:00
[2026-05-30T07:52:23.730+0000] {processor.py:183} INFO - Processing /opt/airflow/dags/master_pipeline_dag.py took 0.048 seconds
[2026-05-30T07:52:54.004+0000] {processor.py:161} INFO - Started process (PID=373) to work on /opt/airflow/dags/master_pipeline_dag.py
[2026-05-30T07:52:54.004+0000] {processor.py:830} INFO - Processing file /opt/airflow/dags/master_pipeline_dag.py for tasks to queue
[2026-05-30T07:52:54.006+0000] {logging_mixin.py:188} INFO - [2026-05-30T07:52:54.006+0000] {dagbag.py:545} INFO - Filling up the DagBag from /opt/airflow/dags/master_pipeline_dag.py
[2026-05-30T07:52:54.018+0000] {processor.py:840} INFO - DAG(s) 'client_analytics_master_pipeline' retrieved from /opt/airflow/dags/master_pipeline_dag.py
[2026-05-30T07:52:54.037+0000] {logging_mixin.py:188} INFO - [2026-05-30T07:52:54.037+0000] {dag.py:3096} INFO - Sync 1 DAGs
[2026-05-30T07:52:54.054+0000] {logging_mixin.py:188} INFO - [2026-05-30T07:52:54.054+0000] {dag.py:3954} INFO - Setting next_dagrun for client_analytics_master_pipeline to 2026-05-30 06:00:00+00:00, run_after=2026-05-31 06:00:00+00:00
[2026-05-30T07:52:54.062+0000] {processor.py:183} INFO - Processing /opt/airflow/dags/master_pipeline_dag.py took 0.064 seconds
[2026-05-30T07:53:24.317+0000] {processor.py:161} INFO - Started process (PID=378) to work on /opt/airflow/dags/master_pipeline_dag.py
[2026-05-30T07:53:24.317+0000] {processor.py:830} INFO - Processing file /opt/airflow/dags/master_pipeline_dag.py for tasks to queue
[2026-05-30T07:53:24.318+0000] {logging_mixin.py:188} INFO - [2026-05-30T07:53:24.318+0000] {dagbag.py:545} INFO - Filling up the DagBag from /opt/airflow/dags/master_pipeline_dag.py
[2026-05-30T07:53:24.325+0000] {processor.py:840} INFO - DAG(s) 'client_analytics_master_pipeline' retrieved from /opt/airflow/dags/master_pipeline_dag.py
[2026-05-30T07:53:24.339+0000] {logging_mixin.py:188} INFO - [2026-05-30T07:53:24.339+0000] {dag.py:3096} INFO - Sync 1 DAGs
[2026-05-30T07:53:24.349+0000] {logging_mixin.py:188} INFO - [2026-05-30T07:53:24.349+0000] {dag.py:3954} INFO - Setting next_dagrun for client_analytics_master_pipeline to 2026-05-30 06:00:00+00:00, run_after=2026-05-31 06:00:00+00:00
[2026-05-30T07:53:24.355+0000] {processor.py:183} INFO - Processing /opt/airflow/dags/master_pipeline_dag.py took 0.043 seconds
[2026-05-30T07:53:54.632+0000] {processor.py:161} INFO - Started process (PID=383) to work on /opt/airflow/dags/master_pipeline_dag.py
[2026-05-30T07:53:54.633+0000] {processor.py:830} INFO - Processing file /opt/airflow/dags/master_pipeline_dag.py for tasks to queue
[2026-05-30T07:53:54.634+0000] {logging_mixin.py:188} INFO - [2026-05-30T07:53:54.633+0000] {dagbag.py:545} INFO - Filling up the DagBag from /opt/airflow/dags/master_pipeline_dag.py
[2026-05-30T07:53:54.641+0000] {processor.py:840} INFO - DAG(s) 'client_analytics_master_pipeline' retrieved from /opt/airflow/dags/master_pipeline_dag.py
[2026-05-30T07:53:54.656+0000] {logging_mixin.py:188} INFO - [2026-05-30T07:53:54.656+0000] {dag.py:3096} INFO - Sync 1 DAGs
[2026-05-30T07:53:54.666+0000] {logging_mixin.py:188} INFO - [2026-05-30T07:53:54.666+0000] {dag.py:3954} INFO - Setting next_dagrun for client_analytics_master_pipeline to 2026-05-30 06:00:00+00:00, run_after=2026-05-31 06:00:00+00:00
[2026-05-30T07:53:54.673+0000] {processor.py:183} INFO - Processing /opt/airflow/dags/master_pipeline_dag.py took 0.046 seconds
[2026-05-30T07:54:25.029+0000] {processor.py:161} INFO - Started process (PID=388) to work on /opt/airflow/dags/master_pipeline_dag.py
[2026-05-30T07:54:25.030+0000] {processor.py:830} INFO - Processing file /opt/airflow/dags/master_pipeline_dag.py for tasks to queue
[2026-05-30T07:54:25.032+0000] {logging_mixin.py:188} INFO - [2026-05-30T07:54:25.031+0000] {dagbag.py:545} INFO - Filling up the DagBag from /opt/airflow/dags/master_pipeline_dag.py
[2026-05-30T07:54:25.043+0000] {processor.py:840} INFO - DAG(s) 'client_analytics_master_pipeline' retrieved from /opt/airflow/dags/master_pipeline_dag.py
[2026-05-30T07:54:25.061+0000] {logging_mixin.py:188} INFO - [2026-05-30T07:54:25.061+0000] {dag.py:3096} INFO - Sync 1 DAGs
[2026-05-30T07:54:25.072+0000] {logging_mixin.py:188} INFO - [2026-05-30T07:54:25.072+0000] {dag.py:3954} INFO - Setting next_dagrun for client_analytics_master_pipeline to 2026-05-30 06:00:00+00:00, run_after=2026-05-31 06:00:00+00:00
[2026-05-30T07:54:25.079+0000] {processor.py:183} INFO - Processing /opt/airflow/dags/master_pipeline_dag.py took 0.057 seconds
[2026-05-30T07:54:55.352+0000] {processor.py:161} INFO - Started process (PID=393) to work on /opt/airflow/dags/master_pipeline_dag.py
[2026-05-30T07:54:55.353+0000] {processor.py:830} INFO - Processing file /opt/airflow/dags/master_pipeline_dag.py for tasks to queue
[2026-05-30T07:54:55.354+0000] {logging_mixin.py:188} INFO - [2026-05-30T07:54:55.354+0000] {dagbag.py:545} INFO - Filling up the DagBag from /opt/airflow/dags/master_pipeline_dag.py
[2026-05-30T07:54:55.363+0000] {processor.py:840} INFO - DAG(s) 'client_analytics_master_pipeline' retrieved from /opt/airflow/dags/master_pipeline_dag.py
[2026-05-30T07:54:55.382+0000] {logging_mixin.py:188} INFO - [2026-05-30T07:54:55.382+0000] {dag.py:3096} INFO - Sync 1 DAGs
[2026-05-30T07:54:55.392+0000] {logging_mixin.py:188} INFO - [2026-05-30T07:54:55.392+0000] {dag.py:3954} INFO - Setting next_dagrun for client_analytics_master_pipeline to 2026-05-30 06:00:00+00:00, run_after=2026-05-31 06:00:00+00:00
[2026-05-30T07:54:55.400+0000] {processor.py:183} INFO - Processing /opt/airflow/dags/master_pipeline_dag.py took 0.053 seconds
[2026-05-30T07:55:25.650+0000] {processor.py:161} INFO - Started process (PID=398) to work on /opt/airflow/dags/master_pipeline_dag.py
[2026-05-30T07:55:25.651+0000] {processor.py:830} INFO - Processing file /opt/airflow/dags/master_pipeline_dag.py for tasks to queue
[2026-05-30T07:55:25.653+0000] {logging_mixin.py:188} INFO - [2026-05-30T07:55:25.652+0000] {dagbag.py:545} INFO - Filling up the DagBag from /opt/airflow/dags/master_pipeline_dag.py
[2026-05-30T07:55:25.664+0000] {processor.py:840} INFO - DAG(s) 'client_analytics_master_pipeline' retrieved from /opt/airflow/dags/master_pipeline_dag.py
[2026-05-30T07:55:25.683+0000] {logging_mixin.py:188} INFO - [2026-05-30T07:55:25.683+0000] {dag.py:3096} INFO - Sync 1 DAGs
[2026-05-30T07:55:25.695+0000] {logging_mixin.py:188} INFO - [2026-05-30T07:55:25.695+0000] {dag.py:3954} INFO - Setting next_dagrun for client_analytics_master_pipeline to 2026-05-30 06:00:00+00:00, run_after=2026-05-31 06:00:00+00:00
[2026-05-30T07:55:25.703+0000] {processor.py:183} INFO - Processing /opt/airflow/dags/master_pipeline_dag.py took 0.059 seconds
[2026-05-30T07:55:55.918+0000] {processor.py:161} INFO - Started process (PID=403) to work on /opt/airflow/dags/master_pipeline_dag.py
[2026-05-30T07:55:55.918+0000] {processor.py:830} INFO - Processing file /opt/airflow/dags/master_pipeline_dag.py for tasks to queue
[2026-05-30T07:55:55.919+0000] {logging_mixin.py:188} INFO - [2026-05-30T07:55:55.919+0000] {dagbag.py:545} INFO - Filling up the DagBag from /opt/airflow/dags/master_pipeline_dag.py
[2026-05-30T07:55:55.927+0000] {processor.py:840} INFO - DAG(s) 'client_analytics_master_pipeline' retrieved from /opt/airflow/dags/master_pipeline_dag.py
[2026-05-30T07:55:55.941+0000] {logging_mixin.py:188} INFO - [2026-05-30T07:55:55.941+0000] {dag.py:3096} INFO - Sync 1 DAGs
[2026-05-30T07:55:55.951+0000] {logging_mixin.py:188} INFO - [2026-05-30T07:55:55.951+0000] {dag.py:3954} INFO - Setting next_dagrun for client_analytics_master_pipeline to 2026-05-30 06:00:00+00:00, run_after=2026-05-31 06:00:00+00:00
[2026-05-30T07:55:55.958+0000] {processor.py:183} INFO - Processing /opt/airflow/dags/master_pipeline_dag.py took 0.045 seconds
[2026-05-30T07:56:26.184+0000] {processor.py:161} INFO - Started process (PID=408) to work on /opt/airflow/dags/master_pipeline_dag.py
[2026-05-30T07:56:26.185+0000] {processor.py:830} INFO - Processing file /opt/airflow/dags/master_pipeline_dag.py for tasks to queue
[2026-05-30T07:56:26.186+0000] {logging_mixin.py:188} INFO - [2026-05-30T07:56:26.186+0000] {dagbag.py:545} INFO - Filling up the DagBag from /opt/airflow/dags/master_pipeline_dag.py
[2026-05-30T07:56:26.193+0000] {processor.py:840} INFO - DAG(s) 'client_analytics_master_pipeline' retrieved from /opt/airflow/dags/master_pipeline_dag.py
[2026-05-30T07:56:26.209+0000] {logging_mixin.py:188} INFO - [2026-05-30T07:56:26.209+0000] {dag.py:3096} INFO - Sync 1 DAGs
[2026-05-30T07:56:26.219+0000] {logging_mixin.py:188} INFO - [2026-05-30T07:56:26.219+0000] {dag.py:3954} INFO - Setting next_dagrun for client_analytics_master_pipeline to 2026-05-30 06:00:00+00:00, run_after=2026-05-31 06:00:00+00:00
[2026-05-30T07:56:26.226+0000] {processor.py:183} INFO - Processing /opt/airflow/dags/master_pipeline_dag.py took 0.046 seconds
[2026-05-30T07:56:56.477+0000] {processor.py:161} INFO - Started process (PID=413) to work on /opt/airflow/dags/master_pipeline_dag.py
[2026-05-30T07:56:56.478+0000] {processor.py:830} INFO - Processing file /opt/airflow/dags/master_pipeline_dag.py for tasks to queue
[2026-05-30T07:56:56.481+0000] {logging_mixin.py:188} INFO - [2026-05-30T07:56:56.480+0000] {dagbag.py:545} INFO - Filling up the DagBag from /opt/airflow/dags/master_pipeline_dag.py
[2026-05-30T07:56:56.493+0000] {processor.py:840} INFO - DAG(s) 'client_analytics_master_pipeline' retrieved from /opt/airflow/dags/master_pipeline_dag.py
[2026-05-30T07:56:56.508+0000] {logging_mixin.py:188} INFO - [2026-05-30T07:56:56.508+0000] {dag.py:3096} INFO - Sync 1 DAGs
[2026-05-30T07:56:56.517+0000] {logging_mixin.py:188} INFO - [2026-05-30T07:56:56.517+0000] {dag.py:3954} INFO - Setting next_dagrun for client_analytics_master_pipeline to 2026-05-30 06:00:00+00:00, run_after=2026-05-31 06:00:00+00:00
[2026-05-30T07:56:56.525+0000] {processor.py:183} INFO - Processing /opt/airflow/dags/master_pipeline_dag.py took 0.053 seconds
[2026-05-30T07:57:26.738+0000] {processor.py:161} INFO - Started process (PID=418) to work on /opt/airflow/dags/master_pipeline_dag.py
[2026-05-30T07:57:26.739+0000] {processor.py:830} INFO - Processing file /opt/airflow/dags/master_pipeline_dag.py for tasks to queue
[2026-05-30T07:57:26.740+0000] {logging_mixin.py:188} INFO - [2026-05-30T07:57:26.740+0000] {dagbag.py:545} INFO - Filling up the DagBag from /opt/airflow/dags/master_pipeline_dag.py
[2026-05-30T07:57:26.750+0000] {processor.py:840} INFO - DAG(s) 'client_analytics_master_pipeline' retrieved from /opt/airflow/dags/master_pipeline_dag.py
[2026-05-30T07:57:26.767+0000] {logging_mixin.py:188} INFO - [2026-05-30T07:57:26.766+0000] {dag.py:3096} INFO - Sync 1 DAGs
[2026-05-30T07:57:26.779+0000] {logging_mixin.py:188} INFO - [2026-05-30T07:57:26.778+0000] {dag.py:3954} INFO - Setting next_dagrun for client_analytics_master_pipeline to 2026-05-30 06:00:00+00:00, run_after=2026-05-31 06:00:00+00:00
[2026-05-30T07:57:26.786+0000] {processor.py:183} INFO - Processing /opt/airflow/dags/master_pipeline_dag.py took 0.053 seconds
[2026-05-30T07:57:57.070+0000] {processor.py:161} INFO - Started process (PID=423) to work on /opt/airflow/dags/master_pipeline_dag.py
[2026-05-30T07:57:57.070+0000] {processor.py:830} INFO - Processing file /opt/airflow/dags/master_pipeline_dag.py for tasks to queue
[2026-05-30T07:57:57.072+0000] {logging_mixin.py:188} INFO - [2026-05-30T07:57:57.072+0000] {dagbag.py:545} INFO - Filling up the DagBag from /opt/airflow/dags/master_pipeline_dag.py
[2026-05-30T07:57:57.082+0000] {processor.py:840} INFO - DAG(s) 'client_analytics_master_pipeline' retrieved from /opt/airflow/dags/master_pipeline_dag.py
[2026-05-30T07:57:57.099+0000] {logging_mixin.py:188} INFO - [2026-05-30T07:57:57.099+0000] {dag.py:3096} INFO - Sync 1 DAGs
[2026-05-30T07:57:57.108+0000] {logging_mixin.py:188} INFO - [2026-05-30T07:57:57.108+0000] {dag.py:3954} INFO - Setting next_dagrun for client_analytics_master_pipeline to 2026-05-30 06:00:00+00:00, run_after=2026-05-31 06:00:00+00:00
[2026-05-30T07:57:57.115+0000] {processor.py:183} INFO - Processing /opt/airflow/dags/master_pipeline_dag.py took 0.050 seconds
[2026-05-30T07:58:27.361+0000] {processor.py:161} INFO - Started process (PID=428) to work on /opt/airflow/dags/master_pipeline_dag.py
[2026-05-30T07:58:27.362+0000] {processor.py:830} INFO - Processing file /opt/airflow/dags/master_pipeline_dag.py for tasks to queue
[2026-05-30T07:58:27.364+0000] {logging_mixin.py:188} INFO - [2026-05-30T07:58:27.363+0000] {dagbag.py:545} INFO - Filling up the DagBag from /opt/airflow/dags/master_pipeline_dag.py
[2026-05-30T07:58:27.372+0000] {processor.py:840} INFO - DAG(s) 'client_analytics_master_pipeline' retrieved from /opt/airflow/dags/master_pipeline_dag.py
[2026-05-30T07:58:27.387+0000] {logging_mixin.py:188} INFO - [2026-05-30T07:58:27.387+0000] {dag.py:3096} INFO - Sync 1 DAGs
[2026-05-30T07:58:27.397+0000] {logging_mixin.py:188} INFO - [2026-05-30T07:58:27.397+0000] {dag.py:3954} INFO - Setting next_dagrun for client_analytics_master_pipeline to 2026-05-30 06:00:00+00:00, run_after=2026-05-31 06:00:00+00:00
[2026-05-30T07:58:27.404+0000] {processor.py:183} INFO - Processing /opt/airflow/dags/master_pipeline_dag.py took 0.047 seconds
[2026-05-30T07:58:57.626+0000] {processor.py:161} INFO - Started process (PID=433) to work on /opt/airflow/dags/master_pipeline_dag.py
[2026-05-30T07:58:57.627+0000] {processor.py:830} INFO - Processing file /opt/airflow/dags/master_pipeline_dag.py for tasks to queue
[2026-05-30T07:58:57.629+0000] {logging_mixin.py:188} INFO - [2026-05-30T07:58:57.629+0000] {dagbag.py:545} INFO - Filling up the DagBag from /opt/airflow/dags/master_pipeline_dag.py
[2026-05-30T07:58:57.644+0000] {processor.py:840} INFO - DAG(s) 'client_analytics_master_pipeline' retrieved from /opt/airflow/dags/master_pipeline_dag.py
[2026-05-30T07:58:57.663+0000] {logging_mixin.py:188} INFO - [2026-05-30T07:58:57.663+0000] {dag.py:3096} INFO - Sync 1 DAGs
[2026-05-30T07:58:57.675+0000] {logging_mixin.py:188} INFO - [2026-05-30T07:58:57.674+0000] {dag.py:3954} INFO - Setting next_dagrun for client_analytics_master_pipeline to 2026-05-30 06:00:00+00:00, run_after=2026-05-31 06:00:00+00:00
[2026-05-30T07:58:57.682+0000] {processor.py:183} INFO - Processing /opt/airflow/dags/master_pipeline_dag.py took 0.061 seconds
[2026-05-30T07:59:27.937+0000] {processor.py:161} INFO - Started process (PID=438) to work on /opt/airflow/dags/master_pipeline_dag.py
[2026-05-30T07:59:27.938+0000] {processor.py:830} INFO - Processing file /opt/airflow/dags/master_pipeline_dag.py for tasks to queue
[2026-05-30T07:59:27.940+0000] {logging_mixin.py:188} INFO - [2026-05-30T07:59:27.940+0000] {dagbag.py:545} INFO - Filling up the DagBag from /opt/airflow/dags/master_pipeline_dag.py
[2026-05-30T07:59:27.949+0000] {processor.py:840} INFO - DAG(s) 'client_analytics_master_pipeline' retrieved from /opt/airflow/dags/master_pipeline_dag.py
[2026-05-30T07:59:27.964+0000] {logging_mixin.py:188} INFO - [2026-05-30T07:59:27.964+0000] {dag.py:3096} INFO - Sync 1 DAGs
[2026-05-30T07:59:27.974+0000] {logging_mixin.py:188} INFO - [2026-05-30T07:59:27.974+0000] {dag.py:3954} INFO - Setting next_dagrun for client_analytics_master_pipeline to 2026-05-30 06:00:00+00:00, run_after=2026-05-31 06:00:00+00:00
[2026-05-30T07:59:27.981+0000] {processor.py:183} INFO - Processing /opt/airflow/dags/master_pipeline_dag.py took 0.050 seconds
[2026-05-30T07:59:58.224+0000] {processor.py:161} INFO - Started process (PID=443) to work on /opt/airflow/dags/master_pipeline_dag.py
[2026-05-30T07:59:58.226+0000] {processor.py:830} INFO - Processing file /opt/airflow/dags/master_pipeline_dag.py for tasks to queue
[2026-05-30T07:59:58.227+0000] {logging_mixin.py:188} INFO - [2026-05-30T07:59:58.227+0000] {dagbag.py:545} INFO - Filling up the DagBag from /opt/airflow/dags/master_pipeline_dag.py
[2026-05-30T07:59:58.237+0000] {processor.py:840} INFO - DAG(s) 'client_analytics_master_pipeline' retrieved from /opt/airflow/dags/master_pipeline_dag.py
[2026-05-30T07:59:58.252+0000] {logging_mixin.py:188} INFO - [2026-05-30T07:59:58.252+0000] {dag.py:3096} INFO - Sync 1 DAGs
[2026-05-30T07:59:58.261+0000] {logging_mixin.py:188} INFO - [2026-05-30T07:59:58.261+0000] {dag.py:3954} INFO - Setting next_dagrun for client_analytics_master_pipeline to 2026-05-30 06:00:00+00:00, run_after=2026-05-31 06:00:00+00:00
[2026-05-30T07:59:58.268+0000] {processor.py:183} INFO - Processing /opt/airflow/dags/master_pipeline_dag.py took 0.049 seconds
[2026-05-30T08:00:28.542+0000] {processor.py:161} INFO - Started process (PID=448) to work on /opt/airflow/dags/master_pipeline_dag.py
[2026-05-30T08:00:28.543+0000] {processor.py:830} INFO - Processing file /opt/airflow/dags/master_pipeline_dag.py for tasks to queue
[2026-05-30T08:00:28.545+0000] {logging_mixin.py:188} INFO - [2026-05-30T08:00:28.545+0000] {dagbag.py:545} INFO - Filling up the DagBag from /opt/airflow/dags/master_pipeline_dag.py
[2026-05-30T08:00:28.557+0000] {processor.py:840} INFO - DAG(s) 'client_analytics_master_pipeline' retrieved from /opt/airflow/dags/master_pipeline_dag.py
[2026-05-30T08:00:28.576+0000] {logging_mixin.py:188} INFO - [2026-05-30T08:00:28.576+0000] {dag.py:3096} INFO - Sync 1 DAGs
[2026-05-30T08:00:28.588+0000] {logging_mixin.py:188} INFO - [2026-05-30T08:00:28.588+0000] {dag.py:3954} INFO - Setting next_dagrun for client_analytics_master_pipeline to 2026-05-30 06:00:00+00:00, run_after=2026-05-31 06:00:00+00:00
[2026-05-30T08:00:28.596+0000] {processor.py:183} INFO - Processing /opt/airflow/dags/master_pipeline_dag.py took 0.059 seconds
[2026-05-30T08:00:58.901+0000] {processor.py:161} INFO - Started process (PID=453) to work on /opt/airflow/dags/master_pipeline_dag.py
[2026-05-30T08:00:58.902+0000] {processor.py:830} INFO - Processing file /opt/airflow/dags/master_pipeline_dag.py for tasks to queue
[2026-05-30T08:00:58.904+0000] {logging_mixin.py:188} INFO - [2026-05-30T08:00:58.903+0000] {dagbag.py:545} INFO - Filling up the DagBag from /opt/airflow/dags/master_pipeline_dag.py
[2026-05-30T08:00:58.914+0000] {processor.py:840} INFO - DAG(s) 'client_analytics_master_pipeline' retrieved from /opt/airflow/dags/master_pipeline_dag.py
[2026-05-30T08:00:58.936+0000] {logging_mixin.py:188} INFO - [2026-05-30T08:00:58.935+0000] {dag.py:3096} INFO - Sync 1 DAGs
[2026-05-30T08:00:58.948+0000] {logging_mixin.py:188} INFO - [2026-05-30T08:00:58.948+0000] {dag.py:3954} INFO - Setting next_dagrun for client_analytics_master_pipeline to 2026-05-30 06:00:00+00:00, run_after=2026-05-31 06:00:00+00:00
[2026-05-30T08:00:58.956+0000] {processor.py:183} INFO - Processing /opt/airflow/dags/master_pipeline_dag.py took 0.059 seconds
[2026-05-30T08:01:29.260+0000] {processor.py:161} INFO - Started process (PID=458) to work on /opt/airflow/dags/master_pipeline_dag.py
[2026-05-30T08:01:29.261+0000] {processor.py:830} INFO - Processing file /opt/airflow/dags/master_pipeline_dag.py for tasks to queue
[2026-05-30T08:01:29.262+0000] {logging_mixin.py:188} INFO - [2026-05-30T08:01:29.262+0000] {dagbag.py:545} INFO - Filling up the DagBag from /opt/airflow/dags/master_pipeline_dag.py
[2026-05-30T08:01:29.273+0000] {processor.py:840} INFO - DAG(s) 'client_analytics_master_pipeline' retrieved from /opt/airflow/dags/master_pipeline_dag.py
[2026-05-30T08:01:29.290+0000] {logging_mixin.py:188} INFO - [2026-05-30T08:01:29.290+0000] {dag.py:3096} INFO - Sync 1 DAGs
[2026-05-30T08:01:29.299+0000] {logging_mixin.py:188} INFO - [2026-05-30T08:01:29.299+0000] {dag.py:3954} INFO - Setting next_dagrun for client_analytics_master_pipeline to 2026-05-30 06:00:00+00:00, run_after=2026-05-31 06:00:00+00:00
[2026-05-30T08:01:29.306+0000] {processor.py:183} INFO - Processing /opt/airflow/dags/master_pipeline_dag.py took 0.052 seconds
[2026-05-30T08:01:59.620+0000] {processor.py:161} INFO - Started process (PID=463) to work on /opt/airflow/dags/master_pipeline_dag.py
[2026-05-30T08:01:59.621+0000] {processor.py:830} INFO - Processing file /opt/airflow/dags/master_pipeline_dag.py for tasks to queue
[2026-05-30T08:01:59.622+0000] {logging_mixin.py:188} INFO - [2026-05-30T08:01:59.622+0000] {dagbag.py:545} INFO - Filling up the DagBag from /opt/airflow/dags/master_pipeline_dag.py
[2026-05-30T08:01:59.632+0000] {processor.py:840} INFO - DAG(s) 'client_analytics_master_pipeline' retrieved from /opt/airflow/dags/master_pipeline_dag.py
[2026-05-30T08:01:59.649+0000] {logging_mixin.py:188} INFO - [2026-05-30T08:01:59.649+0000] {dag.py:3096} INFO - Sync 1 DAGs
[2026-05-30T08:01:59.661+0000] {logging_mixin.py:188} INFO - [2026-05-30T08:01:59.661+0000] {dag.py:3954} INFO - Setting next_dagrun for client_analytics_master_pipeline to 2026-05-30 06:00:00+00:00, run_after=2026-05-31 06:00:00+00:00
[2026-05-30T08:01:59.670+0000] {processor.py:183} INFO - Processing /opt/airflow/dags/master_pipeline_dag.py took 0.054 seconds
[2026-05-30T08:02:29.966+0000] {processor.py:161} INFO - Started process (PID=468) to work on /opt/airflow/dags/master_pipeline_dag.py
[2026-05-30T08:02:29.968+0000] {processor.py:830} INFO - Processing file /opt/airflow/dags/master_pipeline_dag.py for tasks to queue
[2026-05-30T08:02:29.969+0000] {logging_mixin.py:188} INFO - [2026-05-30T08:02:29.969+0000] {dagbag.py:545} INFO - Filling up the DagBag from /opt/airflow/dags/master_pipeline_dag.py
[2026-05-30T08:02:29.980+0000] {processor.py:840} INFO - DAG(s) 'client_analytics_master_pipeline' retrieved from /opt/airflow/dags/master_pipeline_dag.py
[2026-05-30T08:02:29.997+0000] {logging_mixin.py:188} INFO - [2026-05-30T08:02:29.997+0000] {dag.py:3096} INFO - Sync 1 DAGs
[2026-05-30T08:02:30.007+0000] {logging_mixin.py:188} INFO - [2026-05-30T08:02:30.007+0000] {dag.py:3954} INFO - Setting next_dagrun for client_analytics_master_pipeline to 2026-05-30 06:00:00+00:00, run_after=2026-05-31 06:00:00+00:00
[2026-05-30T08:02:30.014+0000] {processor.py:183} INFO - Processing /opt/airflow/dags/master_pipeline_dag.py took 0.053 seconds
[2026-05-30T08:03:00.377+0000] {processor.py:161} INFO - Started process (PID=473) to work on /opt/airflow/dags/master_pipeline_dag.py
[2026-05-30T08:03:00.378+0000] {processor.py:830} INFO - Processing file /opt/airflow/dags/master_pipeline_dag.py for tasks to queue
[2026-05-30T08:03:00.380+0000] {logging_mixin.py:188} INFO - [2026-05-30T08:03:00.379+0000] {dagbag.py:545} INFO - Filling up the DagBag from /opt/airflow/dags/master_pipeline_dag.py
[2026-05-30T08:03:00.393+0000] {processor.py:840} INFO - DAG(s) 'client_analytics_master_pipeline' retrieved from /opt/airflow/dags/master_pipeline_dag.py
[2026-05-30T08:03:00.425+0000] {logging_mixin.py:188} INFO - [2026-05-30T08:03:00.424+0000] {dag.py:3096} INFO - Sync 1 DAGs
[2026-05-30T08:03:00.437+0000] {logging_mixin.py:188} INFO - [2026-05-30T08:03:00.436+0000] {dag.py:3954} INFO - Setting next_dagrun for client_analytics_master_pipeline to 2026-05-30 06:00:00+00:00, run_after=2026-05-31 06:00:00+00:00
[2026-05-30T08:03:00.445+0000] {processor.py:183} INFO - Processing /opt/airflow/dags/master_pipeline_dag.py took 0.074 seconds
[2026-05-30T08:03:30.710+0000] {processor.py:161} INFO - Started process (PID=478) to work on /opt/airflow/dags/master_pipeline_dag.py
[2026-05-30T08:03:30.711+0000] {processor.py:830} INFO - Processing file /opt/airflow/dags/master_pipeline_dag.py for tasks to queue
[2026-05-30T08:03:30.712+0000] {logging_mixin.py:188} INFO - [2026-05-30T08:03:30.712+0000] {dagbag.py:545} INFO - Filling up the DagBag from /opt/airflow/dags/master_pipeline_dag.py
[2026-05-30T08:03:30.722+0000] {processor.py:840} INFO - DAG(s) 'client_analytics_master_pipeline' retrieved from /opt/airflow/dags/master_pipeline_dag.py
[2026-05-30T08:03:30.736+0000] {logging_mixin.py:188} INFO - [2026-05-30T08:03:30.736+0000] {dag.py:3096} INFO - Sync 1 DAGs
[2026-05-30T08:03:30.746+0000] {logging_mixin.py:188} INFO - [2026-05-30T08:03:30.746+0000] {dag.py:3954} INFO - Setting next_dagrun for client_analytics_master_pipeline to 2026-05-30 06:00:00+00:00, run_after=2026-05-31 06:00:00+00:00
[2026-05-30T08:03:30.752+0000] {processor.py:183} INFO - Processing /opt/airflow/dags/master_pipeline_dag.py took 0.048 seconds
[2026-05-30T08:04:01.066+0000] {processor.py:161} INFO - Started process (PID=483) to work on /opt/airflow/dags/master_pipeline_dag.py
[2026-05-30T08:04:01.067+0000] {processor.py:830} INFO - Processing file /opt/airflow/dags/master_pipeline_dag.py for tasks to queue
[2026-05-30T08:04:01.070+0000] {logging_mixin.py:188} INFO - [2026-05-30T08:04:01.069+0000] {dagbag.py:545} INFO - Filling up the DagBag from /opt/airflow/dags/master_pipeline_dag.py
[2026-05-30T08:04:01.086+0000] {processor.py:840} INFO - DAG(s) 'client_analytics_master_pipeline' retrieved from /opt/airflow/dags/master_pipeline_dag.py
[2026-05-30T08:04:01.113+0000] {logging_mixin.py:188} INFO - [2026-05-30T08:04:01.112+0000] {dag.py:3096} INFO - Sync 1 DAGs
[2026-05-30T08:04:01.125+0000] {logging_mixin.py:188} INFO - [2026-05-30T08:04:01.125+0000] {dag.py:3954} INFO - Setting next_dagrun for client_analytics_master_pipeline to 2026-05-30 06:00:00+00:00, run_after=2026-05-31 06:00:00+00:00
[2026-05-30T08:04:01.140+0000] {processor.py:183} INFO - Processing /opt/airflow/dags/master_pipeline_dag.py took 0.084 seconds
[2026-05-30T08:04:31.340+0000] {processor.py:161} INFO - Started process (PID=488) to work on /opt/airflow/dags/master_pipeline_dag.py
[2026-05-30T08:04:31.340+0000] {processor.py:830} INFO - Processing file /opt/airflow/dags/master_pipeline_dag.py for tasks to queue
[2026-05-30T08:04:31.342+0000] {logging_mixin.py:188} INFO - [2026-05-30T08:04:31.342+0000] {dagbag.py:545} INFO - Filling up the DagBag from /opt/airflow/dags/master_pipeline_dag.py
[2026-05-30T08:04:31.352+0000] {processor.py:840} INFO - DAG(s) 'client_analytics_master_pipeline' retrieved from /opt/airflow/dags/master_pipeline_dag.py
[2026-05-30T08:04:31.366+0000] {logging_mixin.py:188} INFO - [2026-05-30T08:04:31.366+0000] {dag.py:3096} INFO - Sync 1 DAGs
[2026-05-30T08:04:31.377+0000] {logging_mixin.py:188} INFO - [2026-05-30T08:04:31.377+0000] {dag.py:3954} INFO - Setting next_dagrun for client_analytics_master_pipeline to 2026-05-30 06:00:00+00:00, run_after=2026-05-31 06:00:00+00:00
[2026-05-30T08:04:31.384+0000] {processor.py:183} INFO - Processing /opt/airflow/dags/master_pipeline_dag.py took 0.049 seconds
[2026-05-30T08:05:01.646+0000] {processor.py:161} INFO - Started process (PID=493) to work on /opt/airflow/dags/master_pipeline_dag.py
[2026-05-30T08:05:01.647+0000] {processor.py:830} INFO - Processing file /opt/airflow/dags/master_pipeline_dag.py for tasks to queue
[2026-05-30T08:05:01.656+0000] {logging_mixin.py:188} INFO - [2026-05-30T08:05:01.656+0000] {dagbag.py:545} INFO - Filling up the DagBag from /opt/airflow/dags/master_pipeline_dag.py
[2026-05-30T08:05:01.675+0000] {processor.py:840} INFO - DAG(s) 'client_analytics_master_pipeline' retrieved from /opt/airflow/dags/master_pipeline_dag.py
[2026-05-30T08:05:01.700+0000] {logging_mixin.py:188} INFO - [2026-05-30T08:05:01.700+0000] {dag.py:3096} INFO - Sync 1 DAGs
[2026-05-30T08:05:01.714+0000] {logging_mixin.py:188} INFO - [2026-05-30T08:05:01.714+0000] {dag.py:3954} INFO - Setting next_dagrun for client_analytics_master_pipeline to 2026-05-30 06:00:00+00:00, run_after=2026-05-31 06:00:00+00:00
[2026-05-30T08:05:01.723+0000] {processor.py:183} INFO - Processing /opt/airflow/dags/master_pipeline_dag.py took 0.082 seconds
[2026-05-30T08:05:31.917+0000] {processor.py:161} INFO - Started process (PID=498) to work on /opt/airflow/dags/master_pipeline_dag.py
[2026-05-30T08:05:31.918+0000] {processor.py:830} INFO - Processing file /opt/airflow/dags/master_pipeline_dag.py for tasks to queue
[2026-05-30T08:05:31.920+0000] {logging_mixin.py:188} INFO - [2026-05-30T08:05:31.919+0000] {dagbag.py:545} INFO - Filling up the DagBag from /opt/airflow/dags/master_pipeline_dag.py
[2026-05-30T08:05:31.930+0000] {processor.py:840} INFO - DAG(s) 'client_analytics_master_pipeline' retrieved from /opt/airflow/dags/master_pipeline_dag.py
[2026-05-30T08:05:31.952+0000] {logging_mixin.py:188} INFO - [2026-05-30T08:05:31.952+0000] {dag.py:3096} INFO - Sync 1 DAGs
[2026-05-30T08:05:31.963+0000] {logging_mixin.py:188} INFO - [2026-05-30T08:05:31.963+0000] {dag.py:3954} INFO - Setting next_dagrun for client_analytics_master_pipeline to 2026-05-30 06:00:00+00:00, run_after=2026-05-31 06:00:00+00:00
[2026-05-30T08:05:31.970+0000] {processor.py:183} INFO - Processing /opt/airflow/dags/master_pipeline_dag.py took 0.059 seconds
[2026-05-30T08:06:02.198+0000] {processor.py:161} INFO - Started process (PID=503) to work on /opt/airflow/dags/master_pipeline_dag.py
[2026-05-30T08:06:02.199+0000] {processor.py:830} INFO - Processing file /opt/airflow/dags/master_pipeline_dag.py for tasks to queue
[2026-05-30T08:06:02.202+0000] {logging_mixin.py:188} INFO - [2026-05-30T08:06:02.201+0000] {dagbag.py:545} INFO - Filling up the DagBag from /opt/airflow/dags/master_pipeline_dag.py
[2026-05-30T08:06:02.219+0000] {processor.py:840} INFO - DAG(s) 'client_analytics_master_pipeline' retrieved from /opt/airflow/dags/master_pipeline_dag.py
[2026-05-30T08:06:02.251+0000] {logging_mixin.py:188} INFO - [2026-05-30T08:06:02.251+0000] {dag.py:3096} INFO - Sync 1 DAGs
[2026-05-30T08:06:02.267+0000] {logging_mixin.py:188} INFO - [2026-05-30T08:06:02.267+0000] {dag.py:3954} INFO - Setting next_dagrun for client_analytics_master_pipeline to 2026-05-30 06:00:00+00:00, run_after=2026-05-31 06:00:00+00:00
[2026-05-30T08:06:02.275+0000] {processor.py:183} INFO - Processing /opt/airflow/dags/master_pipeline_dag.py took 0.082 seconds
[2026-05-30T08:06:32.496+0000] {processor.py:161} INFO - Started process (PID=508) to work on /opt/airflow/dags/master_pipeline_dag.py
[2026-05-30T08:06:32.497+0000] {processor.py:830} INFO - Processing file /opt/airflow/dags/master_pipeline_dag.py for tasks to queue
[2026-05-30T08:06:32.498+0000] {logging_mixin.py:188} INFO - [2026-05-30T08:06:32.498+0000] {dagbag.py:545} INFO - Filling up the DagBag from /opt/airflow/dags/master_pipeline_dag.py
[2026-05-30T08:06:32.508+0000] {processor.py:840} INFO - DAG(s) 'client_analytics_master_pipeline' retrieved from /opt/airflow/dags/master_pipeline_dag.py
[2026-05-30T08:06:32.523+0000] {logging_mixin.py:188} INFO - [2026-05-30T08:06:32.523+0000] {dag.py:3096} INFO - Sync 1 DAGs
[2026-05-30T08:06:32.535+0000] {logging_mixin.py:188} INFO - [2026-05-30T08:06:32.535+0000] {dag.py:3954} INFO - Setting next_dagrun for client_analytics_master_pipeline to 2026-05-30 06:00:00+00:00, run_after=2026-05-31 06:00:00+00:00
[2026-05-30T08:06:32.541+0000] {processor.py:183} INFO - Processing /opt/airflow/dags/master_pipeline_dag.py took 0.051 seconds
[2026-05-30T08:07:02.817+0000] {processor.py:161} INFO - Started process (PID=513) to work on /opt/airflow/dags/master_pipeline_dag.py
[2026-05-30T08:07:02.818+0000] {processor.py:830} INFO - Processing file /opt/airflow/dags/master_pipeline_dag.py for tasks to queue
[2026-05-30T08:07:02.820+0000] {logging_mixin.py:188} INFO - [2026-05-30T08:07:02.820+0000] {dagbag.py:545} INFO - Filling up the DagBag from /opt/airflow/dags/master_pipeline_dag.py
[2026-05-30T08:07:02.834+0000] {processor.py:840} INFO - DAG(s) 'client_analytics_master_pipeline' retrieved from /opt/airflow/dags/master_pipeline_dag.py
[2026-05-30T08:07:02.858+0000] {logging_mixin.py:188} INFO - [2026-05-30T08:07:02.858+0000] {dag.py:3096} INFO - Sync 1 DAGs
[2026-05-30T08:07:02.876+0000] {logging_mixin.py:188} INFO - [2026-05-30T08:07:02.876+0000] {dag.py:3954} INFO - Setting next_dagrun for client_analytics_master_pipeline to 2026-05-30 06:00:00+00:00, run_after=2026-05-31 06:00:00+00:00
[2026-05-30T08:07:02.886+0000] {processor.py:183} INFO - Processing /opt/airflow/dags/master_pipeline_dag.py took 0.076 seconds
[2026-05-30T08:07:33.108+0000] {processor.py:161} INFO - Started process (PID=518) to work on /opt/airflow/dags/master_pipeline_dag.py
[2026-05-30T08:07:33.109+0000] {processor.py:830} INFO - Processing file /opt/airflow/dags/master_pipeline_dag.py for tasks to queue
[2026-05-30T08:07:33.110+0000] {logging_mixin.py:188} INFO - [2026-05-30T08:07:33.110+0000] {dagbag.py:545} INFO - Filling up the DagBag from /opt/airflow/dags/master_pipeline_dag.py
[2026-05-30T08:07:33.122+0000] {processor.py:840} INFO - DAG(s) 'client_analytics_master_pipeline' retrieved from /opt/airflow/dags/master_pipeline_dag.py
[2026-05-30T08:07:33.141+0000] {logging_mixin.py:188} INFO - [2026-05-30T08:07:33.140+0000] {dag.py:3096} INFO - Sync 1 DAGs
[2026-05-30T08:07:33.154+0000] {logging_mixin.py:188} INFO - [2026-05-30T08:07:33.154+0000] {dag.py:3954} INFO - Setting next_dagrun for client_analytics_master_pipeline to 2026-05-30 06:00:00+00:00, run_after=2026-05-31 06:00:00+00:00
[2026-05-30T08:07:33.160+0000] {processor.py:183} INFO - Processing /opt/airflow/dags/master_pipeline_dag.py took 0.065 seconds
[2026-05-30T08:08:03.385+0000] {processor.py:161} INFO - Started process (PID=523) to work on /opt/airflow/dags/master_pipeline_dag.py
[2026-05-30T08:08:03.386+0000] {processor.py:830} INFO - Processing file /opt/airflow/dags/master_pipeline_dag.py for tasks to queue
[2026-05-30T08:08:03.388+0000] {logging_mixin.py:188} INFO - [2026-05-30T08:08:03.387+0000] {dagbag.py:545} INFO - Filling up the DagBag from /opt/airflow/dags/master_pipeline_dag.py
[2026-05-30T08:08:03.398+0000] {processor.py:840} INFO - DAG(s) 'client_analytics_master_pipeline' retrieved from /opt/airflow/dags/master_pipeline_dag.py
[2026-05-30T08:08:03.418+0000] {logging_mixin.py:188} INFO - [2026-05-30T08:08:03.418+0000] {dag.py:3096} INFO - Sync 1 DAGs
[2026-05-30T08:08:03.431+0000] {logging_mixin.py:188} INFO - [2026-05-30T08:08:03.431+0000] {dag.py:3954} INFO - Setting next_dagrun for client_analytics_master_pipeline to 2026-05-30 06:00:00+00:00, run_after=2026-05-31 06:00:00+00:00
[2026-05-30T08:08:03.441+0000] {processor.py:183} INFO - Processing /opt/airflow/dags/master_pipeline_dag.py took 0.061 seconds
[2026-05-30T08:08:33.665+0000] {processor.py:161} INFO - Started process (PID=528) to work on /opt/airflow/dags/master_pipeline_dag.py
[2026-05-30T08:08:33.666+0000] {processor.py:830} INFO - Processing file /opt/airflow/dags/master_pipeline_dag.py for tasks to queue
[2026-05-30T08:08:33.667+0000] {logging_mixin.py:188} INFO - [2026-05-30T08:08:33.667+0000] {dagbag.py:545} INFO - Filling up the DagBag from /opt/airflow/dags/master_pipeline_dag.py
[2026-05-30T08:08:33.679+0000] {processor.py:840} INFO - DAG(s) 'client_analytics_master_pipeline' retrieved from /opt/airflow/dags/master_pipeline_dag.py
[2026-05-30T08:08:33.699+0000] {logging_mixin.py:188} INFO - [2026-05-30T08:08:33.698+0000] {dag.py:3096} INFO - Sync 1 DAGs
[2026-05-30T08:08:33.710+0000] {logging_mixin.py:188} INFO - [2026-05-30T08:08:33.710+0000] {dag.py:3954} INFO - Setting next_dagrun for client_analytics_master_pipeline to 2026-05-30 06:00:00+00:00, run_after=2026-05-31 06:00:00+00:00
[2026-05-30T08:08:33.721+0000] {processor.py:183} INFO - Processing /opt/airflow/dags/master_pipeline_dag.py took 0.064 seconds
[2026-05-30T08:09:03.931+0000] {processor.py:161} INFO - Started process (PID=533) to work on /opt/airflow/dags/master_pipeline_dag.py
[2026-05-30T08:09:03.932+0000] {processor.py:830} INFO - Processing file /opt/airflow/dags/master_pipeline_dag.py for tasks to queue
[2026-05-30T08:09:03.935+0000] {logging_mixin.py:188} INFO - [2026-05-30T08:09:03.934+0000] {dagbag.py:545} INFO - Filling up the DagBag from /opt/airflow/dags/master_pipeline_dag.py
[2026-05-30T08:09:03.949+0000] {processor.py:840} INFO - DAG(s) 'client_analytics_master_pipeline' retrieved from /opt/airflow/dags/master_pipeline_dag.py
[2026-05-30T08:09:03.968+0000] {logging_mixin.py:188} INFO - [2026-05-30T08:09:03.968+0000] {dag.py:3096} INFO - Sync 1 DAGs
[2026-05-30T08:09:03.984+0000] {logging_mixin.py:188} INFO - [2026-05-30T08:09:03.984+0000] {dag.py:3954} INFO - Setting next_dagrun for client_analytics_master_pipeline to 2026-05-30 06:00:00+00:00, run_after=2026-05-31 06:00:00+00:00
[2026-05-30T08:09:03.993+0000] {processor.py:183} INFO - Processing /opt/airflow/dags/master_pipeline_dag.py took 0.069 seconds
[2026-05-30T08:09:34.237+0000] {processor.py:161} INFO - Started process (PID=538) to work on /opt/airflow/dags/master_pipeline_dag.py
[2026-05-30T08:09:34.238+0000] {processor.py:830} INFO - Processing file /opt/airflow/dags/master_pipeline_dag.py for tasks to queue
[2026-05-30T08:09:34.240+0000] {logging_mixin.py:188} INFO - [2026-05-30T08:09:34.239+0000] {dagbag.py:545} INFO - Filling up the DagBag from /opt/airflow/dags/master_pipeline_dag.py
[2026-05-30T08:09:34.249+0000] {processor.py:840} INFO - DAG(s) 'client_analytics_master_pipeline' retrieved from /opt/airflow/dags/master_pipeline_dag.py
[2026-05-30T08:09:34.265+0000] {logging_mixin.py:188} INFO - [2026-05-30T08:09:34.265+0000] {dag.py:3096} INFO - Sync 1 DAGs
[2026-05-30T08:09:34.276+0000] {logging_mixin.py:188} INFO - [2026-05-30T08:09:34.276+0000] {dag.py:3954} INFO - Setting next_dagrun for client_analytics_master_pipeline to 2026-05-30 06:00:00+00:00, run_after=2026-05-31 06:00:00+00:00
[2026-05-30T08:09:34.283+0000] {processor.py:183} INFO - Processing /opt/airflow/dags/master_pipeline_dag.py took 0.051 seconds
[2026-05-30T08:10:04.516+0000] {processor.py:161} INFO - Started process (PID=543) to work on /opt/airflow/dags/master_pipeline_dag.py
[2026-05-30T08:10:04.517+0000] {processor.py:830} INFO - Processing file /opt/airflow/dags/master_pipeline_dag.py for tasks to queue
[2026-05-30T08:10:04.521+0000] {logging_mixin.py:188} INFO - [2026-05-30T08:10:04.520+0000] {dagbag.py:545} INFO - Filling up the DagBag from /opt/airflow/dags/master_pipeline_dag.py
[2026-05-30T08:10:04.534+0000] {processor.py:840} INFO - DAG(s) 'client_analytics_master_pipeline' retrieved from /opt/airflow/dags/master_pipeline_dag.py
[2026-05-30T08:10:04.564+0000] {logging_mixin.py:188} INFO - [2026-05-30T08:10:04.564+0000] {dag.py:3096} INFO - Sync 1 DAGs
[2026-05-30T08:10:04.576+0000] {logging_mixin.py:188} INFO - [2026-05-30T08:10:04.576+0000] {dag.py:3954} INFO - Setting next_dagrun for client_analytics_master_pipeline to 2026-05-30 06:00:00+00:00, run_after=2026-05-31 06:00:00+00:00
[2026-05-30T08:10:04.584+0000] {processor.py:183} INFO - Processing /opt/airflow/dags/master_pipeline_dag.py took 0.074 seconds
[2026-05-30T08:10:34.777+0000] {processor.py:161} INFO - Started process (PID=548) to work on /opt/airflow/dags/master_pipeline_dag.py
[2026-05-30T08:10:34.778+0000] {processor.py:830} INFO - Processing file /opt/airflow/dags/master_pipeline_dag.py for tasks to queue
[2026-05-30T08:10:34.780+0000] {logging_mixin.py:188} INFO - [2026-05-30T08:10:34.780+0000] {dagbag.py:545} INFO - Filling up the DagBag from /opt/airflow/dags/master_pipeline_dag.py
[2026-05-30T08:10:34.791+0000] {processor.py:840} INFO - DAG(s) 'client_analytics_master_pipeline' retrieved from /opt/airflow/dags/master_pipeline_dag.py
[2026-05-30T08:10:34.808+0000] {logging_mixin.py:188} INFO - [2026-05-30T08:10:34.808+0000] {dag.py:3096} INFO - Sync 1 DAGs
[2026-05-30T08:10:34.819+0000] {logging_mixin.py:188} INFO - [2026-05-30T08:10:34.819+0000] {dag.py:3954} INFO - Setting next_dagrun for client_analytics_master_pipeline to 2026-05-30 06:00:00+00:00, run_after=2026-05-31 06:00:00+00:00
[2026-05-30T08:10:34.826+0000] {processor.py:183} INFO - Processing /opt/airflow/dags/master_pipeline_dag.py took 0.054 seconds
[2026-05-30T08:11:05.148+0000] {processor.py:161} INFO - Started process (PID=553) to work on /opt/airflow/dags/master_pipeline_dag.py
[2026-05-30T08:11:05.149+0000] {processor.py:830} INFO - Processing file /opt/airflow/dags/master_pipeline_dag.py for tasks to queue
[2026-05-30T08:11:05.152+0000] {logging_mixin.py:188} INFO - [2026-05-30T08:11:05.151+0000] {dagbag.py:545} INFO - Filling up the DagBag from /opt/airflow/dags/master_pipeline_dag.py
[2026-05-30T08:11:05.170+0000] {processor.py:840} INFO - DAG(s) 'client_analytics_master_pipeline' retrieved from /opt/airflow/dags/master_pipeline_dag.py
[2026-05-30T08:11:05.205+0000] {logging_mixin.py:188} INFO - [2026-05-30T08:11:05.205+0000] {dag.py:3096} INFO - Sync 1 DAGs
[2026-05-30T08:11:05.220+0000] {logging_mixin.py:188} INFO - [2026-05-30T08:11:05.220+0000] {dag.py:3954} INFO - Setting next_dagrun for client_analytics_master_pipeline to 2026-05-30 06:00:00+00:00, run_after=2026-05-31 06:00:00+00:00
[2026-05-30T08:11:05.228+0000] {processor.py:183} INFO - Processing /opt/airflow/dags/master_pipeline_dag.py took 0.091 seconds
[2026-05-30T08:11:35.474+0000] {processor.py:161} INFO - Started process (PID=558) to work on /opt/airflow/dags/master_pipeline_dag.py
[2026-05-30T08:11:35.474+0000] {processor.py:830} INFO - Processing file /opt/airflow/dags/master_pipeline_dag.py for tasks to queue
[2026-05-30T08:11:35.477+0000] {logging_mixin.py:188} INFO - [2026-05-30T08:11:35.476+0000] {dagbag.py:545} INFO - Filling up the DagBag from /opt/airflow/dags/master_pipeline_dag.py
[2026-05-30T08:11:35.493+0000] {processor.py:840} INFO - DAG(s) 'client_analytics_master_pipeline' retrieved from /opt/airflow/dags/master_pipeline_dag.py
[2026-05-30T08:11:35.514+0000] {logging_mixin.py:188} INFO - [2026-05-30T08:11:35.514+0000] {dag.py:3096} INFO - Sync 1 DAGs
[2026-05-30T08:11:35.527+0000] {logging_mixin.py:188} INFO - [2026-05-30T08:11:35.527+0000] {dag.py:3954} INFO - Setting next_dagrun for client_analytics_master_pipeline to 2026-05-30 06:00:00+00:00, run_after=2026-05-31 06:00:00+00:00
[2026-05-30T08:11:35.536+0000] {processor.py:183} INFO - Processing /opt/airflow/dags/master_pipeline_dag.py took 0.069 seconds
[2026-05-30T08:12:05.765+0000] {processor.py:161} INFO - Started process (PID=563) to work on /opt/airflow/dags/master_pipeline_dag.py
[2026-05-30T08:12:05.766+0000] {processor.py:830} INFO - Processing file /opt/airflow/dags/master_pipeline_dag.py for tasks to queue
[2026-05-30T08:12:05.768+0000] {logging_mixin.py:188} INFO - [2026-05-30T08:12:05.768+0000] {dagbag.py:545} INFO - Filling up the DagBag from /opt/airflow/dags/master_pipeline_dag.py
[2026-05-30T08:12:05.779+0000] {processor.py:840} INFO - DAG(s) 'client_analytics_master_pipeline' retrieved from /opt/airflow/dags/master_pipeline_dag.py
[2026-05-30T08:12:05.796+0000] {logging_mixin.py:188} INFO - [2026-05-30T08:12:05.796+0000] {dag.py:3096} INFO - Sync 1 DAGs
[2026-05-30T08:12:05.807+0000] {logging_mixin.py:188} INFO - [2026-05-30T08:12:05.807+0000] {dag.py:3954} INFO - Setting next_dagrun for client_analytics_master_pipeline to 2026-05-30 06:00:00+00:00, run_after=2026-05-31 06:00:00+00:00
[2026-05-30T08:12:05.814+0000] {processor.py:183} INFO - Processing /opt/airflow/dags/master_pipeline_dag.py took 0.054 seconds
[2026-05-30T08:12:36.076+0000] {processor.py:161} INFO - Started process (PID=568) to work on /opt/airflow/dags/master_pipeline_dag.py
[2026-05-30T08:12:36.077+0000] {processor.py:830} INFO - Processing file /opt/airflow/dags/master_pipeline_dag.py for tasks to queue
[2026-05-30T08:12:36.084+0000] {logging_mixin.py:188} INFO - [2026-05-30T08:12:36.084+0000] {dagbag.py:545} INFO - Filling up the DagBag from /opt/airflow/dags/master_pipeline_dag.py
[2026-05-30T08:12:36.103+0000] {processor.py:840} INFO - DAG(s) 'client_analytics_master_pipeline' retrieved from /opt/airflow/dags/master_pipeline_dag.py
[2026-05-30T08:12:36.132+0000] {logging_mixin.py:188} INFO - [2026-05-30T08:12:36.132+0000] {dag.py:3096} INFO - Sync 1 DAGs
[2026-05-30T08:12:36.147+0000] {logging_mixin.py:188} INFO - [2026-05-30T08:12:36.147+0000] {dag.py:3954} INFO - Setting next_dagrun for client_analytics_master_pipeline to 2026-05-30 06:00:00+00:00, run_after=2026-05-31 06:00:00+00:00
[2026-05-30T08:12:36.162+0000] {processor.py:183} INFO - Processing /opt/airflow/dags/master_pipeline_dag.py took 0.094 seconds
[2026-05-30T08:13:06.382+0000] {processor.py:161} INFO - Started process (PID=573) to work on /opt/airflow/dags/master_pipeline_dag.py
[2026-05-30T08:13:06.383+0000] {processor.py:830} INFO - Processing file /opt/airflow/dags/master_pipeline_dag.py for tasks to queue
[2026-05-30T08:13:06.385+0000] {logging_mixin.py:188} INFO - [2026-05-30T08:13:06.385+0000] {dagbag.py:545} INFO - Filling up the DagBag from /opt/airflow/dags/master_pipeline_dag.py
[2026-05-30T08:13:06.395+0000] {processor.py:840} INFO - DAG(s) 'client_analytics_master_pipeline' retrieved from /opt/airflow/dags/master_pipeline_dag.py
[2026-05-30T08:13:06.410+0000] {logging_mixin.py:188} INFO - [2026-05-30T08:13:06.410+0000] {dag.py:3096} INFO - Sync 1 DAGs
[2026-05-30T08:13:06.421+0000] {logging_mixin.py:188} INFO - [2026-05-30T08:13:06.421+0000] {dag.py:3954} INFO - Setting next_dagrun for client_analytics_master_pipeline to 2026-05-30 06:00:00+00:00, run_after=2026-05-31 06:00:00+00:00
[2026-05-30T08:13:06.429+0000] {processor.py:183} INFO - Processing /opt/airflow/dags/master_pipeline_dag.py took 0.054 seconds
[2026-05-30T08:13:36.708+0000] {processor.py:161} INFO - Started process (PID=578) to work on /opt/airflow/dags/master_pipeline_dag.py
[2026-05-30T08:13:36.709+0000] {processor.py:830} INFO - Processing file /opt/airflow/dags/master_pipeline_dag.py for tasks to queue
[2026-05-30T08:13:36.710+0000] {logging_mixin.py:188} INFO - [2026-05-30T08:13:36.710+0000] {dagbag.py:545} INFO - Filling up the DagBag from /opt/airflow/dags/master_pipeline_dag.py
[2026-05-30T08:13:36.719+0000] {processor.py:840} INFO - DAG(s) 'client_analytics_master_pipeline' retrieved from /opt/airflow/dags/master_pipeline_dag.py
[2026-05-30T08:13:36.735+0000] {logging_mixin.py:188} INFO - [2026-05-30T08:13:36.735+0000] {dag.py:3096} INFO - Sync 1 DAGs
[2026-05-30T08:13:36.746+0000] {logging_mixin.py:188} INFO - [2026-05-30T08:13:36.746+0000] {dag.py:3954} INFO - Setting next_dagrun for client_analytics_master_pipeline to 2026-05-30 06:00:00+00:00, run_after=2026-05-31 06:00:00+00:00
[2026-05-30T08:13:36.754+0000] {processor.py:183} INFO - Processing /opt/airflow/dags/master_pipeline_dag.py took 0.051 seconds
[2026-05-30T08:14:07.048+0000] {processor.py:161} INFO - Started process (PID=583) to work on /opt/airflow/dags/master_pipeline_dag.py
[2026-05-30T08:14:07.049+0000] {processor.py:830} INFO - Processing file /opt/airflow/dags/master_pipeline_dag.py for tasks to queue
[2026-05-30T08:14:07.051+0000] {logging_mixin.py:188} INFO - [2026-05-30T08:14:07.051+0000] {dagbag.py:545} INFO - Filling up the DagBag from /opt/airflow/dags/master_pipeline_dag.py
[2026-05-30T08:14:07.064+0000] {processor.py:840} INFO - DAG(s) 'client_analytics_master_pipeline' retrieved from /opt/airflow/dags/master_pipeline_dag.py
[2026-05-30T08:14:07.082+0000] {logging_mixin.py:188} INFO - [2026-05-30T08:14:07.082+0000] {dag.py:3096} INFO - Sync 1 DAGs
[2026-05-30T08:14:07.094+0000] {logging_mixin.py:188} INFO - [2026-05-30T08:14:07.094+0000] {dag.py:3954} INFO - Setting next_dagrun for client_analytics_master_pipeline to 2026-05-30 06:00:00+00:00, run_after=2026-05-31 06:00:00+00:00
[2026-05-30T08:14:07.101+0000] {processor.py:183} INFO - Processing /opt/airflow/dags/master_pipeline_dag.py took 0.060 seconds
[2026-05-30T08:14:37.305+0000] {processor.py:161} INFO - Started process (PID=588) to work on /opt/airflow/dags/master_pipeline_dag.py
[2026-05-30T08:14:37.306+0000] {processor.py:830} INFO - Processing file /opt/airflow/dags/master_pipeline_dag.py for tasks to queue
[2026-05-30T08:14:37.307+0000] {logging_mixin.py:188} INFO - [2026-05-30T08:14:37.307+0000] {dagbag.py:545} INFO - Filling up the DagBag from /opt/airflow/dags/master_pipeline_dag.py
[2026-05-30T08:14:37.317+0000] {processor.py:840} INFO - DAG(s) 'client_analytics_master_pipeline' retrieved from /opt/airflow/dags/master_pipeline_dag.py
[2026-05-30T08:14:37.336+0000] {logging_mixin.py:188} INFO - [2026-05-30T08:14:37.336+0000] {dag.py:3096} INFO - Sync 1 DAGs
[2026-05-30T08:14:37.348+0000] {logging_mixin.py:188} INFO - [2026-05-30T08:14:37.348+0000] {dag.py:3954} INFO - Setting next_dagrun for client_analytics_master_pipeline to 2026-05-30 06:00:00+00:00, run_after=2026-05-31 06:00:00+00:00
[2026-05-30T08:14:37.355+0000] {processor.py:183} INFO - Processing /opt/airflow/dags/master_pipeline_dag.py took 0.056 seconds
[2026-05-30T08:15:07.649+0000] {processor.py:161} INFO - Started process (PID=593) to work on /opt/airflow/dags/master_pipeline_dag.py
[2026-05-30T08:15:07.650+0000] {processor.py:830} INFO - Processing file /opt/airflow/dags/master_pipeline_dag.py for tasks to queue
[2026-05-30T08:15:07.651+0000] {logging_mixin.py:188} INFO - [2026-05-30T08:15:07.651+0000] {dagbag.py:545} INFO - Filling up the DagBag from /opt/airflow/dags/master_pipeline_dag.py
[2026-05-30T08:15:07.660+0000] {processor.py:840} INFO - DAG(s) 'client_analytics_master_pipeline' retrieved from /opt/airflow/dags/master_pipeline_dag.py
[2026-05-30T08:15:07.675+0000] {logging_mixin.py:188} INFO - [2026-05-30T08:15:07.675+0000] {dag.py:3096} INFO - Sync 1 DAGs
[2026-05-30T08:15:07.685+0000] {logging_mixin.py:188} INFO - [2026-05-30T08:15:07.685+0000] {dag.py:3954} INFO - Setting next_dagrun for client_analytics_master_pipeline to 2026-05-30 06:00:00+00:00, run_after=2026-05-31 06:00:00+00:00
[2026-05-30T08:15:07.693+0000] {processor.py:183} INFO - Processing /opt/airflow/dags/master_pipeline_dag.py took 0.048 seconds
[2026-05-30T08:15:38.409+0000] {processor.py:161} INFO - Started process (PID=598) to work on /opt/airflow/dags/master_pipeline_dag.py
[2026-05-30T08:15:38.411+0000] {processor.py:830} INFO - Processing file /opt/airflow/dags/master_pipeline_dag.py for tasks to queue
[2026-05-30T08:15:38.414+0000] {logging_mixin.py:188} INFO - [2026-05-30T08:15:38.413+0000] {dagbag.py:545} INFO - Filling up the DagBag from /opt/airflow/dags/master_pipeline_dag.py
[2026-05-30T08:15:38.428+0000] {processor.py:840} INFO - DAG(s) 'client_analytics_master_pipeline' retrieved from /opt/airflow/dags/master_pipeline_dag.py
[2026-05-30T08:15:38.451+0000] {logging_mixin.py:188} INFO - [2026-05-30T08:15:38.451+0000] {dag.py:3096} INFO - Sync 1 DAGs
[2026-05-30T08:15:38.467+0000] {logging_mixin.py:188} INFO - [2026-05-30T08:15:38.467+0000] {dag.py:3954} INFO - Setting next_dagrun for client_analytics_master_pipeline to 2026-05-30 06:00:00+00:00, run_after=2026-05-31 06:00:00+00:00
[2026-05-30T08:15:38.475+0000] {processor.py:183} INFO - Processing /opt/airflow/dags/master_pipeline_dag.py took 0.073 seconds
[2026-05-30T08:16:08.672+0000] {processor.py:161} INFO - Started process (PID=603) to work on /opt/airflow/dags/master_pipeline_dag.py
[2026-05-30T08:16:08.673+0000] {processor.py:830} INFO - Processing file /opt/airflow/dags/master_pipeline_dag.py for tasks to queue
[2026-05-30T08:16:08.674+0000] {logging_mixin.py:188} INFO - [2026-05-30T08:16:08.674+0000] {dagbag.py:545} INFO - Filling up the DagBag from /opt/airflow/dags/master_pipeline_dag.py
[2026-05-30T08:16:08.685+0000] {processor.py:840} INFO - DAG(s) 'client_analytics_master_pipeline' retrieved from /opt/airflow/dags/master_pipeline_dag.py
[2026-05-30T08:16:08.700+0000] {logging_mixin.py:188} INFO - [2026-05-30T08:16:08.700+0000] {dag.py:3096} INFO - Sync 1 DAGs
[2026-05-30T08:16:08.710+0000] {logging_mixin.py:188} INFO - [2026-05-30T08:16:08.710+0000] {dag.py:3954} INFO - Setting next_dagrun for client_analytics_master_pipeline to 2026-05-30 06:00:00+00:00, run_after=2026-05-31 06:00:00+00:00
[2026-05-30T08:16:08.718+0000] {processor.py:183} INFO - Processing /opt/airflow/dags/master_pipeline_dag.py took 0.051 seconds
[2026-05-30T08:16:38.954+0000] {processor.py:161} INFO - Started process (PID=608) to work on /opt/airflow/dags/master_pipeline_dag.py
[2026-05-30T08:16:38.955+0000] {processor.py:830} INFO - Processing file /opt/airflow/dags/master_pipeline_dag.py for tasks to queue
[2026-05-30T08:16:38.956+0000] {logging_mixin.py:188} INFO - [2026-05-30T08:16:38.956+0000] {dagbag.py:545} INFO - Filling up the DagBag from /opt/airflow/dags/master_pipeline_dag.py
[2026-05-30T08:16:38.966+0000] {processor.py:840} INFO - DAG(s) 'client_analytics_master_pipeline' retrieved from /opt/airflow/dags/master_pipeline_dag.py
[2026-05-30T08:16:38.982+0000] {logging_mixin.py:188} INFO - [2026-05-30T08:16:38.981+0000] {dag.py:3096} INFO - Sync 1 DAGs
[2026-05-30T08:16:38.991+0000] {logging_mixin.py:188} INFO - [2026-05-30T08:16:38.991+0000] {dag.py:3954} INFO - Setting next_dagrun for client_analytics_master_pipeline to 2026-05-30 06:00:00+00:00, run_after=2026-05-31 06:00:00+00:00
[2026-05-30T08:16:38.999+0000] {processor.py:183} INFO - Processing /opt/airflow/dags/master_pipeline_dag.py took 0.051 seconds
[2026-05-30T08:17:09.208+0000] {processor.py:161} INFO - Started process (PID=613) to work on /opt/airflow/dags/master_pipeline_dag.py
[2026-05-30T08:17:09.209+0000] {processor.py:830} INFO - Processing file /opt/airflow/dags/master_pipeline_dag.py for tasks to queue
[2026-05-30T08:17:09.212+0000] {logging_mixin.py:188} INFO - [2026-05-30T08:17:09.211+0000] {dagbag.py:545} INFO - Filling up the DagBag from /opt/airflow/dags/master_pipeline_dag.py
[2026-05-30T08:17:09.225+0000] {processor.py:840} INFO - DAG(s) 'client_analytics_master_pipeline' retrieved from /opt/airflow/dags/master_pipeline_dag.py
[2026-05-30T08:17:09.245+0000] {logging_mixin.py:188} INFO - [2026-05-30T08:17:09.245+0000] {dag.py:3096} INFO - Sync 1 DAGs
[2026-05-30T08:17:09.257+0000] {logging_mixin.py:188} INFO - [2026-05-30T08:17:09.257+0000] {dag.py:3954} INFO - Setting next_dagrun for client_analytics_master_pipeline to 2026-05-30 06:00:00+00:00, run_after=2026-05-31 06:00:00+00:00
[2026-05-30T08:17:09.265+0000] {processor.py:183} INFO - Processing /opt/airflow/dags/master_pipeline_dag.py took 0.063 seconds
[2026-05-30T08:17:39.479+0000] {processor.py:161} INFO - Started process (PID=618) to work on /opt/airflow/dags/master_pipeline_dag.py
[2026-05-30T08:17:39.479+0000] {processor.py:830} INFO - Processing file /opt/airflow/dags/master_pipeline_dag.py for tasks to queue
[2026-05-30T08:17:39.481+0000] {logging_mixin.py:188} INFO - [2026-05-30T08:17:39.481+0000] {dagbag.py:545} INFO - Filling up the DagBag from /opt/airflow/dags/master_pipeline_dag.py
[2026-05-30T08:17:39.492+0000] {processor.py:840} INFO - DAG(s) 'client_analytics_master_pipeline' retrieved from /opt/airflow/dags/master_pipeline_dag.py
[2026-05-30T08:17:39.507+0000] {logging_mixin.py:188} INFO - [2026-05-30T08:17:39.507+0000] {dag.py:3096} INFO - Sync 1 DAGs
[2026-05-30T08:17:39.518+0000] {logging_mixin.py:188} INFO - [2026-05-30T08:17:39.518+0000] {dag.py:3954} INFO - Setting next_dagrun for client_analytics_master_pipeline to 2026-05-30 06:00:00+00:00, run_after=2026-05-31 06:00:00+00:00
[2026-05-30T08:17:39.524+0000] {processor.py:183} INFO - Processing /opt/airflow/dags/master_pipeline_dag.py took 0.053 seconds
[2026-05-30T08:18:09.769+0000] {processor.py:161} INFO - Started process (PID=623) to work on /opt/airflow/dags/master_pipeline_dag.py
[2026-05-30T08:18:09.770+0000] {processor.py:830} INFO - Processing file /opt/airflow/dags/master_pipeline_dag.py for tasks to queue
[2026-05-30T08:18:09.772+0000] {logging_mixin.py:188} INFO - [2026-05-30T08:18:09.771+0000] {dagbag.py:545} INFO - Filling up the DagBag from /opt/airflow/dags/master_pipeline_dag.py
[2026-05-30T08:18:09.781+0000] {processor.py:840} INFO - DAG(s) 'client_analytics_master_pipeline' retrieved from /opt/airflow/dags/master_pipeline_dag.py
[2026-05-30T08:18:09.797+0000] {logging_mixin.py:188} INFO - [2026-05-30T08:18:09.797+0000] {dag.py:3096} INFO - Sync 1 DAGs
[2026-05-30T08:18:09.807+0000] {logging_mixin.py:188} INFO - [2026-05-30T08:18:09.807+0000] {dag.py:3954} INFO - Setting next_dagrun for client_analytics_master_pipeline to 2026-05-30 06:00:00+00:00, run_after=2026-05-31 06:00:00+00:00
[2026-05-30T08:18:09.815+0000] {processor.py:183} INFO - Processing /opt/airflow/dags/master_pipeline_dag.py took 0.051 seconds
[2026-05-30T08:18:40.053+0000] {processor.py:161} INFO - Started process (PID=628) to work on /opt/airflow/dags/master_pipeline_dag.py
[2026-05-30T08:18:40.054+0000] {processor.py:830} INFO - Processing file /opt/airflow/dags/master_pipeline_dag.py for tasks to queue
[2026-05-30T08:18:40.056+0000] {logging_mixin.py:188} INFO - [2026-05-30T08:18:40.055+0000] {dagbag.py:545} INFO - Filling up the DagBag from /opt/airflow/dags/master_pipeline_dag.py
[2026-05-30T08:18:40.069+0000] {processor.py:840} INFO - DAG(s) 'client_analytics_master_pipeline' retrieved from /opt/airflow/dags/master_pipeline_dag.py
[2026-05-30T08:18:40.089+0000] {logging_mixin.py:188} INFO - [2026-05-30T08:18:40.089+0000] {dag.py:3096} INFO - Sync 1 DAGs
[2026-05-30T08:18:40.102+0000] {logging_mixin.py:188} INFO - [2026-05-30T08:18:40.102+0000] {dag.py:3954} INFO - Setting next_dagrun for client_analytics_master_pipeline to 2026-05-30 06:00:00+00:00, run_after=2026-05-31 06:00:00+00:00
[2026-05-30T08:18:40.110+0000] {processor.py:183} INFO - Processing /opt/airflow/dags/master_pipeline_dag.py took 0.063 seconds
[2026-05-30T08:19:10.326+0000] {processor.py:161} INFO - Started process (PID=633) to work on /opt/airflow/dags/master_pipeline_dag.py
[2026-05-30T08:19:10.327+0000] {processor.py:830} INFO - Processing file /opt/airflow/dags/master_pipeline_dag.py for tasks to queue
[2026-05-30T08:19:10.329+0000] {logging_mixin.py:188} INFO - [2026-05-30T08:19:10.328+0000] {dagbag.py:545} INFO - Filling up the DagBag from /opt/airflow/dags/master_pipeline_dag.py
[2026-05-30T08:19:10.338+0000] {processor.py:840} INFO - DAG(s) 'client_analytics_master_pipeline' retrieved from /opt/airflow/dags/master_pipeline_dag.py
[2026-05-30T08:19:10.353+0000] {logging_mixin.py:188} INFO - [2026-05-30T08:19:10.353+0000] {dag.py:3096} INFO - Sync 1 DAGs
[2026-05-30T08:19:10.363+0000] {logging_mixin.py:188} INFO - [2026-05-30T08:19:10.363+0000] {dag.py:3954} INFO - Setting next_dagrun for client_analytics_master_pipeline to 2026-05-30 06:00:00+00:00, run_after=2026-05-31 06:00:00+00:00
[2026-05-30T08:19:10.370+0000] {processor.py:183} INFO - Processing /opt/airflow/dags/master_pipeline_dag.py took 0.049 seconds
[2026-05-30T08:19:40.597+0000] {processor.py:161} INFO - Started process (PID=638) to work on /opt/airflow/dags/master_pipeline_dag.py
[2026-05-30T08:19:40.597+0000] {processor.py:830} INFO - Processing file /opt/airflow/dags/master_pipeline_dag.py for tasks to queue
[2026-05-30T08:19:40.599+0000] {logging_mixin.py:188} INFO - [2026-05-30T08:19:40.598+0000] {dagbag.py:545} INFO - Filling up the DagBag from /opt/airflow/dags/master_pipeline_dag.py
[2026-05-30T08:19:40.609+0000] {processor.py:840} INFO - DAG(s) 'client_analytics_master_pipeline' retrieved from /opt/airflow/dags/master_pipeline_dag.py
[2026-05-30T08:19:40.626+0000] {logging_mixin.py:188} INFO - [2026-05-30T08:19:40.626+0000] {dag.py:3096} INFO - Sync 1 DAGs
[2026-05-30T08:19:40.637+0000] {logging_mixin.py:188} INFO - [2026-05-30T08:19:40.637+0000] {dag.py:3954} INFO - Setting next_dagrun for client_analytics_master_pipeline to 2026-05-30 06:00:00+00:00, run_after=2026-05-31 06:00:00+00:00
[2026-05-30T08:19:40.644+0000] {processor.py:183} INFO - Processing /opt/airflow/dags/master_pipeline_dag.py took 0.053 seconds
[2026-05-30T08:20:10.866+0000] {processor.py:161} INFO - Started process (PID=643) to work on /opt/airflow/dags/master_pipeline_dag.py
[2026-05-30T08:20:10.867+0000] {processor.py:830} INFO - Processing file /opt/airflow/dags/master_pipeline_dag.py for tasks to queue
[2026-05-30T08:20:10.869+0000] {logging_mixin.py:188} INFO - [2026-05-30T08:20:10.869+0000] {dagbag.py:545} INFO - Filling up the DagBag from /opt/airflow/dags/master_pipeline_dag.py
[2026-05-30T08:20:10.886+0000] {processor.py:840} INFO - DAG(s) 'client_analytics_master_pipeline' retrieved from /opt/airflow/dags/master_pipeline_dag.py
[2026-05-30T08:20:10.910+0000] {logging_mixin.py:188} INFO - [2026-05-30T08:20:10.910+0000] {dag.py:3096} INFO - Sync 1 DAGs
[2026-05-30T08:20:10.926+0000] {logging_mixin.py:188} INFO - [2026-05-30T08:20:10.926+0000] {dag.py:3954} INFO - Setting next_dagrun for client_analytics_master_pipeline to 2026-05-30 06:00:00+00:00, run_after=2026-05-31 06:00:00+00:00
[2026-05-30T08:20:10.937+0000] {processor.py:183} INFO - Processing /opt/airflow/dags/master_pipeline_dag.py took 0.079 seconds
[2026-05-30T08:20:41.182+0000] {processor.py:161} INFO - Started process (PID=648) to work on /opt/airflow/dags/master_pipeline_dag.py
[2026-05-30T08:20:41.183+0000] {processor.py:830} INFO - Processing file /opt/airflow/dags/master_pipeline_dag.py for tasks to queue
[2026-05-30T08:20:41.184+0000] {logging_mixin.py:188} INFO - [2026-05-30T08:20:41.184+0000] {dagbag.py:545} INFO - Filling up the DagBag from /opt/airflow/dags/master_pipeline_dag.py
[2026-05-30T08:20:41.194+0000] {processor.py:840} INFO - DAG(s) 'client_analytics_master_pipeline' retrieved from /opt/airflow/dags/master_pipeline_dag.py
[2026-05-30T08:20:41.209+0000] {logging_mixin.py:188} INFO - [2026-05-30T08:20:41.209+0000] {dag.py:3096} INFO - Sync 1 DAGs
[2026-05-30T08:20:41.222+0000] {logging_mixin.py:188} INFO - [2026-05-30T08:20:41.222+0000] {dag.py:3954} INFO - Setting next_dagrun for client_analytics_master_pipeline to 2026-05-30 06:00:00+00:00, run_after=2026-05-31 06:00:00+00:00
[2026-05-30T08:20:41.229+0000] {processor.py:183} INFO - Processing /opt/airflow/dags/master_pipeline_dag.py took 0.051 seconds
[2026-05-30T08:21:11.492+0000] {processor.py:161} INFO - Started process (PID=653) to work on /opt/airflow/dags/master_pipeline_dag.py
[2026-05-30T08:21:11.492+0000] {processor.py:830} INFO - Processing file /opt/airflow/dags/master_pipeline_dag.py for tasks to queue
[2026-05-30T08:21:11.494+0000] {logging_mixin.py:188} INFO - [2026-05-30T08:21:11.493+0000] {dagbag.py:545} INFO - Filling up the DagBag from /opt/airflow/dags/master_pipeline_dag.py
[2026-05-30T08:21:11.502+0000] {processor.py:840} INFO - DAG(s) 'client_analytics_master_pipeline' retrieved from /opt/airflow/dags/master_pipeline_dag.py
[2026-05-30T08:21:11.518+0000] {logging_mixin.py:188} INFO - [2026-05-30T08:21:11.517+0000] {dag.py:3096} INFO - Sync 1 DAGs
[2026-05-30T08:21:11.528+0000] {logging_mixin.py:188} INFO - [2026-05-30T08:21:11.528+0000] {dag.py:3954} INFO - Setting next_dagrun for client_analytics_master_pipeline to 2026-05-30 06:00:00+00:00, run_after=2026-05-31 06:00:00+00:00
[2026-05-30T08:21:11.535+0000] {processor.py:183} INFO - Processing /opt/airflow/dags/master_pipeline_dag.py took 0.048 seconds
[2026-05-30T08:21:41.869+0000] {processor.py:161} INFO - Started process (PID=658) to work on /opt/airflow/dags/master_pipeline_dag.py
[2026-05-30T08:21:41.870+0000] {processor.py:830} INFO - Processing file /opt/airflow/dags/master_pipeline_dag.py for tasks to queue
[2026-05-30T08:21:41.871+0000] {logging_mixin.py:188} INFO - [2026-05-30T08:21:41.871+0000] {dagbag.py:545} INFO - Filling up the DagBag from /opt/airflow/dags/master_pipeline_dag.py
[2026-05-30T08:21:41.880+0000] {processor.py:840} INFO - DAG(s) 'client_analytics_master_pipeline' retrieved from /opt/airflow/dags/master_pipeline_dag.py
[2026-05-30T08:21:41.895+0000] {logging_mixin.py:188} INFO - [2026-05-30T08:21:41.895+0000] {dag.py:3096} INFO - Sync 1 DAGs
[2026-05-30T08:21:41.905+0000] {logging_mixin.py:188} INFO - [2026-05-30T08:21:41.905+0000] {dag.py:3954} INFO - Setting next_dagrun for client_analytics_master_pipeline to 2026-05-30 06:00:00+00:00, run_after=2026-05-31 06:00:00+00:00
[2026-05-30T08:21:41.912+0000] {processor.py:183} INFO - Processing /opt/airflow/dags/master_pipeline_dag.py took 0.047 seconds
[2026-05-30T08:22:12.267+0000] {processor.py:161} INFO - Started process (PID=663) to work on /opt/airflow/dags/master_pipeline_dag.py
[2026-05-30T08:22:12.268+0000] {processor.py:830} INFO - Processing file /opt/airflow/dags/master_pipeline_dag.py for tasks to queue
[2026-05-30T08:22:12.270+0000] {logging_mixin.py:188} INFO - [2026-05-30T08:22:12.270+0000] {dagbag.py:545} INFO - Filling up the DagBag from /opt/airflow/dags/master_pipeline_dag.py
[2026-05-30T08:22:12.293+0000] {processor.py:840} INFO - DAG(s) 'client_analytics_master_pipeline' retrieved from /opt/airflow/dags/master_pipeline_dag.py
[2026-05-30T08:22:12.320+0000] {logging_mixin.py:188} INFO - [2026-05-30T08:22:12.320+0000] {dag.py:3096} INFO - Sync 1 DAGs
[2026-05-30T08:22:12.339+0000] {logging_mixin.py:188} INFO - [2026-05-30T08:22:12.339+0000] {dag.py:3954} INFO - Setting next_dagrun for client_analytics_master_pipeline to 2026-05-30 06:00:00+00:00, run_after=2026-05-31 06:00:00+00:00
[2026-05-30T08:22:12.348+0000] {processor.py:183} INFO - Processing /opt/airflow/dags/master_pipeline_dag.py took 0.088 seconds
[2026-05-30T08:22:42.592+0000] {processor.py:161} INFO - Started process (PID=668) to work on /opt/airflow/dags/master_pipeline_dag.py
[2026-05-30T08:22:42.593+0000] {processor.py:830} INFO - Processing file /opt/airflow/dags/master_pipeline_dag.py for tasks to queue
[2026-05-30T08:22:42.595+0000] {logging_mixin.py:188} INFO - [2026-05-30T08:22:42.594+0000] {dagbag.py:545} INFO - Filling up the DagBag from /opt/airflow/dags/master_pipeline_dag.py
[2026-05-30T08:22:42.605+0000] {processor.py:840} INFO - DAG(s) 'client_analytics_master_pipeline' retrieved from /opt/airflow/dags/master_pipeline_dag.py
[2026-05-30T08:22:42.623+0000] {logging_mixin.py:188} INFO - [2026-05-30T08:22:42.623+0000] {dag.py:3096} INFO - Sync 1 DAGs
[2026-05-30T08:22:42.633+0000] {logging_mixin.py:188} INFO - [2026-05-30T08:22:42.633+0000] {dag.py:3954} INFO - Setting next_dagrun for client_analytics_master_pipeline to 2026-05-30 06:00:00+00:00, run_after=2026-05-31 06:00:00+00:00
[2026-05-30T08:22:42.642+0000] {processor.py:183} INFO - Processing /opt/airflow/dags/master_pipeline_dag.py took 0.055 seconds
[2026-05-30T08:23:12.974+0000] {processor.py:161} INFO - Started process (PID=673) to work on /opt/airflow/dags/master_pipeline_dag.py
[2026-05-30T08:23:12.975+0000] {processor.py:830} INFO - Processing file /opt/airflow/dags/master_pipeline_dag.py for tasks to queue
[2026-05-30T08:23:12.976+0000] {logging_mixin.py:188} INFO - [2026-05-30T08:23:12.976+0000] {dagbag.py:545} INFO - Filling up the DagBag from /opt/airflow/dags/master_pipeline_dag.py
[2026-05-30T08:23:12.986+0000] {processor.py:840} INFO - DAG(s) 'client_analytics_master_pipeline' retrieved from /opt/airflow/dags/master_pipeline_dag.py
[2026-05-30T08:23:13.004+0000] {logging_mixin.py:188} INFO - [2026-05-30T08:23:13.004+0000] {dag.py:3096} INFO - Sync 1 DAGs
[2026-05-30T08:23:13.015+0000] {logging_mixin.py:188} INFO - [2026-05-30T08:23:13.015+0000] {dag.py:3954} INFO - Setting next_dagrun for client_analytics_master_pipeline to 2026-05-30 06:00:00+00:00, run_after=2026-05-31 06:00:00+00:00
[2026-05-30T08:23:13.023+0000] {processor.py:183} INFO - Processing /opt/airflow/dags/master_pipeline_dag.py took 0.055 seconds
[2026-05-30T08:23:43.272+0000] {processor.py:161} INFO - Started process (PID=678) to work on /opt/airflow/dags/master_pipeline_dag.py
[2026-05-30T08:23:43.273+0000] {processor.py:830} INFO - Processing file /opt/airflow/dags/master_pipeline_dag.py for tasks to queue
[2026-05-30T08:23:43.275+0000] {logging_mixin.py:188} INFO - [2026-05-30T08:23:43.275+0000] {dagbag.py:545} INFO - Filling up the DagBag from /opt/airflow/dags/master_pipeline_dag.py
[2026-05-30T08:23:43.289+0000] {processor.py:840} INFO - DAG(s) 'client_analytics_master_pipeline' retrieved from /opt/airflow/dags/master_pipeline_dag.py
[2026-05-30T08:23:43.312+0000] {logging_mixin.py:188} INFO - [2026-05-30T08:23:43.312+0000] {dag.py:3096} INFO - Sync 1 DAGs
[2026-05-30T08:23:43.326+0000] {logging_mixin.py:188} INFO - [2026-05-30T08:23:43.326+0000] {dag.py:3954} INFO - Setting next_dagrun for client_analytics_master_pipeline to 2026-05-30 06:00:00+00:00, run_after=2026-05-31 06:00:00+00:00
[2026-05-30T08:23:43.335+0000] {processor.py:183} INFO - Processing /opt/airflow/dags/master_pipeline_dag.py took 0.073 seconds
[2026-05-30T08:24:13.615+0000] {processor.py:161} INFO - Started process (PID=683) to work on /opt/airflow/dags/master_pipeline_dag.py
[2026-05-30T08:24:13.616+0000] {processor.py:830} INFO - Processing file /opt/airflow/dags/master_pipeline_dag.py for tasks to queue
[2026-05-30T08:24:13.618+0000] {logging_mixin.py:188} INFO - [2026-05-30T08:24:13.617+0000] {dagbag.py:545} INFO - Filling up the DagBag from /opt/airflow/dags/master_pipeline_dag.py
[2026-05-30T08:24:13.627+0000] {processor.py:840} INFO - DAG(s) 'client_analytics_master_pipeline' retrieved from /opt/airflow/dags/master_pipeline_dag.py
[2026-05-30T08:24:13.643+0000] {logging_mixin.py:188} INFO - [2026-05-30T08:24:13.643+0000] {dag.py:3096} INFO - Sync 1 DAGs
[2026-05-30T08:24:13.655+0000] {logging_mixin.py:188} INFO - [2026-05-30T08:24:13.655+0000] {dag.py:3954} INFO - Setting next_dagrun for client_analytics_master_pipeline to 2026-05-30 06:00:00+00:00, run_after=2026-05-31 06:00:00+00:00
[2026-05-30T08:24:13.663+0000] {processor.py:183} INFO - Processing /opt/airflow/dags/master_pipeline_dag.py took 0.053 seconds
[2026-05-30T08:24:43.910+0000] {processor.py:161} INFO - Started process (PID=688) to work on /opt/airflow/dags/master_pipeline_dag.py
[2026-05-30T08:24:43.911+0000] {processor.py:830} INFO - Processing file /opt/airflow/dags/master_pipeline_dag.py for tasks to queue
[2026-05-30T08:24:43.912+0000] {logging_mixin.py:188} INFO - [2026-05-30T08:24:43.912+0000] {dagbag.py:545} INFO - Filling up the DagBag from /opt/airflow/dags/master_pipeline_dag.py
[2026-05-30T08:24:43.922+0000] {processor.py:840} INFO - DAG(s) 'client_analytics_master_pipeline' retrieved from /opt/airflow/dags/master_pipeline_dag.py
[2026-05-30T08:24:43.938+0000] {logging_mixin.py:188} INFO - [2026-05-30T08:24:43.938+0000] {dag.py:3096} INFO - Sync 1 DAGs
[2026-05-30T08:24:43.948+0000] {logging_mixin.py:188} INFO - [2026-05-30T08:24:43.948+0000] {dag.py:3954} INFO - Setting next_dagrun for client_analytics_master_pipeline to 2026-05-30 06:00:00+00:00, run_after=2026-05-31 06:00:00+00:00
[2026-05-30T08:24:43.955+0000] {processor.py:183} INFO - Processing /opt/airflow/dags/master_pipeline_dag.py took 0.050 seconds
[2026-05-30T08:25:14.198+0000] {processor.py:161} INFO - Started process (PID=693) to work on /opt/airflow/dags/master_pipeline_dag.py
[2026-05-30T08:25:14.199+0000] {processor.py:830} INFO - Processing file /opt/airflow/dags/master_pipeline_dag.py for tasks to queue
[2026-05-30T08:25:14.200+0000] {logging_mixin.py:188} INFO - [2026-05-30T08:25:14.200+0000] {dagbag.py:545} INFO - Filling up the DagBag from /opt/airflow/dags/master_pipeline_dag.py
[2026-05-30T08:25:14.210+0000] {processor.py:840} INFO - DAG(s) 'client_analytics_master_pipeline' retrieved from /opt/airflow/dags/master_pipeline_dag.py
[2026-05-30T08:25:14.223+0000] {logging_mixin.py:188} INFO - [2026-05-30T08:25:14.223+0000] {dag.py:3096} INFO - Sync 1 DAGs
[2026-05-30T08:25:14.232+0000] {logging_mixin.py:188} INFO - [2026-05-30T08:25:14.232+0000] {dag.py:3954} INFO - Setting next_dagrun for client_analytics_master_pipeline to 2026-05-30 06:00:00+00:00, run_after=2026-05-31 06:00:00+00:00
[2026-05-30T08:25:14.239+0000] {processor.py:183} INFO - Processing /opt/airflow/dags/master_pipeline_dag.py took 0.045 seconds
[2026-05-30T08:25:44.507+0000] {processor.py:161} INFO - Started process (PID=698) to work on /opt/airflow/dags/master_pipeline_dag.py
[2026-05-30T08:25:44.508+0000] {processor.py:830} INFO - Processing file /opt/airflow/dags/master_pipeline_dag.py for tasks to queue
[2026-05-30T08:25:44.509+0000] {logging_mixin.py:188} INFO - [2026-05-30T08:25:44.509+0000] {dagbag.py:545} INFO - Filling up the DagBag from /opt/airflow/dags/master_pipeline_dag.py
[2026-05-30T08:25:44.522+0000] {processor.py:840} INFO - DAG(s) 'client_analytics_master_pipeline' retrieved from /opt/airflow/dags/master_pipeline_dag.py
[2026-05-30T08:25:44.545+0000] {logging_mixin.py:188} INFO - [2026-05-30T08:25:44.545+0000] {dag.py:3096} INFO - Sync 1 DAGs
[2026-05-30T08:25:44.559+0000] {logging_mixin.py:188} INFO - [2026-05-30T08:25:44.558+0000] {dag.py:3954} INFO - Setting next_dagrun for client_analytics_master_pipeline to 2026-05-30 06:00:00+00:00, run_after=2026-05-31 06:00:00+00:00
[2026-05-30T08:25:44.566+0000] {processor.py:183} INFO - Processing /opt/airflow/dags/master_pipeline_dag.py took 0.065 seconds
[2026-05-30T08:26:14.845+0000] {processor.py:161} INFO - Started process (PID=703) to work on /opt/airflow/dags/master_pipeline_dag.py
[2026-05-30T08:26:14.846+0000] {processor.py:830} INFO - Processing file /opt/airflow/dags/master_pipeline_dag.py for tasks to queue
[2026-05-30T08:26:14.848+0000] {logging_mixin.py:188} INFO - [2026-05-30T08:26:14.848+0000] {dagbag.py:545} INFO - Filling up the DagBag from /opt/airflow/dags/master_pipeline_dag.py
[2026-05-30T08:26:14.860+0000] {processor.py:840} INFO - DAG(s) 'client_analytics_master_pipeline' retrieved from /opt/airflow/dags/master_pipeline_dag.py
[2026-05-30T08:26:14.877+0000] {logging_mixin.py:188} INFO - [2026-05-30T08:26:14.877+0000] {dag.py:3096} INFO - Sync 1 DAGs
[2026-05-30T08:26:14.887+0000] {logging_mixin.py:188} INFO - [2026-05-30T08:26:14.887+0000] {dag.py:3954} INFO - Setting next_dagrun for client_analytics_master_pipeline to 2026-05-30 06:00:00+00:00, run_after=2026-05-31 06:00:00+00:00
[2026-05-30T08:26:14.895+0000] {processor.py:183} INFO - Processing /opt/airflow/dags/master_pipeline_dag.py took 0.056 seconds
[2026-05-30T08:26:45.165+0000] {processor.py:161} INFO - Started process (PID=708) to work on /opt/airflow/dags/master_pipeline_dag.py
[2026-05-30T08:26:45.166+0000] {processor.py:830} INFO - Processing file /opt/airflow/dags/master_pipeline_dag.py for tasks to queue
[2026-05-30T08:26:45.167+0000] {logging_mixin.py:188} INFO - [2026-05-30T08:26:45.167+0000] {dagbag.py:545} INFO - Filling up the DagBag from /opt/airflow/dags/master_pipeline_dag.py
[2026-05-30T08:26:45.176+0000] {processor.py:840} INFO - DAG(s) 'client_analytics_master_pipeline' retrieved from /opt/airflow/dags/master_pipeline_dag.py
[2026-05-30T08:26:45.193+0000] {logging_mixin.py:188} INFO - [2026-05-30T08:26:45.193+0000] {dag.py:3096} INFO - Sync 1 DAGs
[2026-05-30T08:26:45.204+0000] {logging_mixin.py:188} INFO - [2026-05-30T08:26:45.204+0000] {dag.py:3954} INFO - Setting next_dagrun for client_analytics_master_pipeline to 2026-05-30 06:00:00+00:00, run_after=2026-05-31 06:00:00+00:00
[2026-05-30T08:26:45.212+0000] {processor.py:183} INFO - Processing /opt/airflow/dags/master_pipeline_dag.py took 0.053 seconds
[2026-05-30T08:27:15.485+0000] {processor.py:161} INFO - Started process (PID=713) to work on /opt/airflow/dags/master_pipeline_dag.py
[2026-05-30T08:27:15.486+0000] {processor.py:830} INFO - Processing file /opt/airflow/dags/master_pipeline_dag.py for tasks to queue
[2026-05-30T08:27:15.488+0000] {logging_mixin.py:188} INFO - [2026-05-30T08:27:15.488+0000] {dagbag.py:545} INFO - Filling up the DagBag from /opt/airflow/dags/master_pipeline_dag.py
[2026-05-30T08:27:15.499+0000] {processor.py:840} INFO - DAG(s) 'client_analytics_master_pipeline' retrieved from /opt/airflow/dags/master_pipeline_dag.py
[2026-05-30T08:27:15.519+0000] {logging_mixin.py:188} INFO - [2026-05-30T08:27:15.519+0000] {dag.py:3096} INFO - Sync 1 DAGs
[2026-05-30T08:27:15.531+0000] {logging_mixin.py:188} INFO - [2026-05-30T08:27:15.531+0000] {dag.py:3954} INFO - Setting next_dagrun for client_analytics_master_pipeline to 2026-05-30 06:00:00+00:00, run_after=2026-05-31 06:00:00+00:00
[2026-05-30T08:27:15.540+0000] {processor.py:183} INFO - Processing /opt/airflow/dags/master_pipeline_dag.py took 0.060 seconds
[2026-05-30T08:27:45.802+0000] {processor.py:161} INFO - Started process (PID=718) to work on /opt/airflow/dags/master_pipeline_dag.py
[2026-05-30T08:27:45.803+0000] {processor.py:830} INFO - Processing file /opt/airflow/dags/master_pipeline_dag.py for tasks to queue
[2026-05-30T08:27:45.805+0000] {logging_mixin.py:188} INFO - [2026-05-30T08:27:45.804+0000] {dagbag.py:545} INFO - Filling up the DagBag from /opt/airflow/dags/master_pipeline_dag.py
[2026-05-30T08:27:45.818+0000] {processor.py:840} INFO - DAG(s) 'client_analytics_master_pipeline' retrieved from /opt/airflow/dags/master_pipeline_dag.py
[2026-05-30T08:27:45.838+0000] {logging_mixin.py:188} INFO - [2026-05-30T08:27:45.837+0000] {dag.py:3096} INFO - Sync 1 DAGs
[2026-05-30T08:27:45.849+0000] {logging_mixin.py:188} INFO - [2026-05-30T08:27:45.849+0000] {dag.py:3954} INFO - Setting next_dagrun for client_analytics_master_pipeline to 2026-05-30 06:00:00+00:00, run_after=2026-05-31 06:00:00+00:00
[2026-05-30T08:27:45.857+0000] {processor.py:183} INFO - Processing /opt/airflow/dags/master_pipeline_dag.py took 0.063 seconds
[2026-05-30T08:28:16.105+0000] {processor.py:161} INFO - Started process (PID=723) to work on /opt/airflow/dags/master_pipeline_dag.py
[2026-05-30T08:28:16.106+0000] {processor.py:830} INFO - Processing file /opt/airflow/dags/master_pipeline_dag.py for tasks to queue
[2026-05-30T08:28:16.109+0000] {logging_mixin.py:188} INFO - [2026-05-30T08:28:16.108+0000] {dagbag.py:545} INFO - Filling up the DagBag from /opt/airflow/dags/master_pipeline_dag.py
[2026-05-30T08:28:16.129+0000] {processor.py:840} INFO - DAG(s) 'client_analytics_master_pipeline' retrieved from /opt/airflow/dags/master_pipeline_dag.py
[2026-05-30T08:28:16.150+0000] {logging_mixin.py:188} INFO - [2026-05-30T08:28:16.150+0000] {dag.py:3096} INFO - Sync 1 DAGs
[2026-05-30T08:28:16.163+0000] {logging_mixin.py:188} INFO - [2026-05-30T08:28:16.163+0000] {dag.py:3954} INFO - Setting next_dagrun for client_analytics_master_pipeline to 2026-05-30 06:00:00+00:00, run_after=2026-05-31 06:00:00+00:00
[2026-05-30T08:28:16.171+0000] {processor.py:183} INFO - Processing /opt/airflow/dags/master_pipeline_dag.py took 0.076 seconds
[2026-05-30T08:28:46.349+0000] {processor.py:161} INFO - Started process (PID=728) to work on /opt/airflow/dags/master_pipeline_dag.py
[2026-05-30T08:28:46.350+0000] {processor.py:830} INFO - Processing file /opt/airflow/dags/master_pipeline_dag.py for tasks to queue
[2026-05-30T08:28:46.351+0000] {logging_mixin.py:188} INFO - [2026-05-30T08:28:46.351+0000] {dagbag.py:545} INFO - Filling up the DagBag from /opt/airflow/dags/master_pipeline_dag.py
[2026-05-30T08:28:46.361+0000] {processor.py:840} INFO - DAG(s) 'client_analytics_master_pipeline' retrieved from /opt/airflow/dags/master_pipeline_dag.py
[2026-05-30T08:28:46.379+0000] {logging_mixin.py:188} INFO - [2026-05-30T08:28:46.379+0000] {dag.py:3096} INFO - Sync 1 DAGs
[2026-05-30T08:28:46.389+0000] {logging_mixin.py:188} INFO - [2026-05-30T08:28:46.389+0000] {dag.py:3954} INFO - Setting next_dagrun for client_analytics_master_pipeline to 2026-05-30 06:00:00+00:00, run_after=2026-05-31 06:00:00+00:00
[2026-05-30T08:28:46.396+0000] {processor.py:183} INFO - Processing /opt/airflow/dags/master_pipeline_dag.py took 0.054 seconds
[2026-05-30T08:29:16.668+0000] {processor.py:161} INFO - Started process (PID=733) to work on /opt/airflow/dags/master_pipeline_dag.py
[2026-05-30T08:29:16.669+0000] {processor.py:830} INFO - Processing file /opt/airflow/dags/master_pipeline_dag.py for tasks to queue
[2026-05-30T08:29:16.670+0000] {logging_mixin.py:188} INFO - [2026-05-30T08:29:16.670+0000] {dagbag.py:545} INFO - Filling up the DagBag from /opt/airflow/dags/master_pipeline_dag.py
[2026-05-30T08:29:16.680+0000] {processor.py:840} INFO - DAG(s) 'client_analytics_master_pipeline' retrieved from /opt/airflow/dags/master_pipeline_dag.py
[2026-05-30T08:29:16.696+0000] {logging_mixin.py:188} INFO - [2026-05-30T08:29:16.696+0000] {dag.py:3096} INFO - Sync 1 DAGs
[2026-05-30T08:29:16.706+0000] {logging_mixin.py:188} INFO - [2026-05-30T08:29:16.706+0000] {dag.py:3954} INFO - Setting next_dagrun for client_analytics_master_pipeline to 2026-05-30 06:00:00+00:00, run_after=2026-05-31 06:00:00+00:00
[2026-05-30T08:29:16.714+0000] {processor.py:183} INFO - Processing /opt/airflow/dags/master_pipeline_dag.py took 0.051 seconds
[2026-05-30T08:29:46.995+0000] {processor.py:161} INFO - Started process (PID=738) to work on /opt/airflow/dags/master_pipeline_dag.py
[2026-05-30T08:29:46.996+0000] {processor.py:830} INFO - Processing file /opt/airflow/dags/master_pipeline_dag.py for tasks to queue
[2026-05-30T08:29:46.998+0000] {logging_mixin.py:188} INFO - [2026-05-30T08:29:46.998+0000] {dagbag.py:545} INFO - Filling up the DagBag from /opt/airflow/dags/master_pipeline_dag.py
[2026-05-30T08:29:47.016+0000] {processor.py:840} INFO - DAG(s) 'client_analytics_master_pipeline' retrieved from /opt/airflow/dags/master_pipeline_dag.py
[2026-05-30T08:29:47.037+0000] {logging_mixin.py:188} INFO - [2026-05-30T08:29:47.037+0000] {dag.py:3096} INFO - Sync 1 DAGs
[2026-05-30T08:29:47.050+0000] {logging_mixin.py:188} INFO - [2026-05-30T08:29:47.050+0000] {dag.py:3954} INFO - Setting next_dagrun for client_analytics_master_pipeline to 2026-05-30 06:00:00+00:00, run_after=2026-05-31 06:00:00+00:00
[2026-05-30T08:29:47.059+0000] {processor.py:183} INFO - Processing /opt/airflow/dags/master_pipeline_dag.py took 0.072 seconds
[2026-05-30T08:30:17.346+0000] {processor.py:161} INFO - Started process (PID=743) to work on /opt/airflow/dags/master_pipeline_dag.py
[2026-05-30T08:30:17.348+0000] {processor.py:830} INFO - Processing file /opt/airflow/dags/master_pipeline_dag.py for tasks to queue
[2026-05-30T08:30:17.349+0000] {logging_mixin.py:188} INFO - [2026-05-30T08:30:17.349+0000] {dagbag.py:545} INFO - Filling up the DagBag from /opt/airflow/dags/master_pipeline_dag.py
[2026-05-30T08:30:17.358+0000] {processor.py:840} INFO - DAG(s) 'client_analytics_master_pipeline' retrieved from /opt/airflow/dags/master_pipeline_dag.py
[2026-05-30T08:30:17.374+0000] {logging_mixin.py:188} INFO - [2026-05-30T08:30:17.374+0000] {dag.py:3096} INFO - Sync 1 DAGs
[2026-05-30T08:30:17.384+0000] {logging_mixin.py:188} INFO - [2026-05-30T08:30:17.384+0000] {dag.py:3954} INFO - Setting next_dagrun for client_analytics_master_pipeline to 2026-05-30 06:00:00+00:00, run_after=2026-05-31 06:00:00+00:00
[2026-05-30T08:30:17.392+0000] {processor.py:183} INFO - Processing /opt/airflow/dags/master_pipeline_dag.py took 0.052 seconds
[2026-05-30T08:30:47.639+0000] {processor.py:161} INFO - Started process (PID=748) to work on /opt/airflow/dags/master_pipeline_dag.py
[2026-05-30T08:30:47.640+0000] {processor.py:830} INFO - Processing file /opt/airflow/dags/master_pipeline_dag.py for tasks to queue
[2026-05-30T08:30:47.642+0000] {logging_mixin.py:188} INFO - [2026-05-30T08:30:47.642+0000] {dagbag.py:545} INFO - Filling up the DagBag from /opt/airflow/dags/master_pipeline_dag.py
[2026-05-30T08:30:47.655+0000] {processor.py:840} INFO - DAG(s) 'client_analytics_master_pipeline' retrieved from /opt/airflow/dags/master_pipeline_dag.py
[2026-05-30T08:30:47.671+0000] {logging_mixin.py:188} INFO - [2026-05-30T08:30:47.671+0000] {dag.py:3096} INFO - Sync 1 DAGs
[2026-05-30T08:30:47.682+0000] {logging_mixin.py:188} INFO - [2026-05-30T08:30:47.682+0000] {dag.py:3954} INFO - Setting next_dagrun for client_analytics_master_pipeline to 2026-05-30 06:00:00+00:00, run_after=2026-05-31 06:00:00+00:00
[2026-05-30T08:30:47.688+0000] {processor.py:183} INFO - Processing /opt/airflow/dags/master_pipeline_dag.py took 0.059 seconds
[2026-05-30T08:31:18.004+0000] {processor.py:161} INFO - Started process (PID=753) to work on /opt/airflow/dags/master_pipeline_dag.py
[2026-05-30T08:31:18.006+0000] {processor.py:830} INFO - Processing file /opt/airflow/dags/master_pipeline_dag.py for tasks to queue
[2026-05-30T08:31:18.009+0000] {logging_mixin.py:188} INFO - [2026-05-30T08:31:18.009+0000] {dagbag.py:545} INFO - Filling up the DagBag from /opt/airflow/dags/master_pipeline_dag.py
[2026-05-30T08:31:18.021+0000] {processor.py:840} INFO - DAG(s) 'client_analytics_master_pipeline' retrieved from /opt/airflow/dags/master_pipeline_dag.py
[2026-05-30T08:31:18.043+0000] {logging_mixin.py:188} INFO - [2026-05-30T08:31:18.043+0000] {dag.py:3096} INFO - Sync 1 DAGs
[2026-05-30T08:31:18.057+0000] {logging_mixin.py:188} INFO - [2026-05-30T08:31:18.056+0000] {dag.py:3954} INFO - Setting next_dagrun for client_analytics_master_pipeline to 2026-05-30 06:00:00+00:00, run_after=2026-05-31 06:00:00+00:00
[2026-05-30T08:31:18.065+0000] {processor.py:183} INFO - Processing /opt/airflow/dags/master_pipeline_dag.py took 0.068 seconds
[2026-05-30T08:31:48.355+0000] {processor.py:161} INFO - Started process (PID=758) to work on /opt/airflow/dags/master_pipeline_dag.py
[2026-05-30T08:31:48.356+0000] {processor.py:830} INFO - Processing file /opt/airflow/dags/master_pipeline_dag.py for tasks to queue
[2026-05-30T08:31:48.359+0000] {logging_mixin.py:188} INFO - [2026-05-30T08:31:48.358+0000] {dagbag.py:545} INFO - Filling up the DagBag from /opt/airflow/dags/master_pipeline_dag.py
[2026-05-30T08:31:48.397+0000] {processor.py:840} INFO - DAG(s) 'client_analytics_master_pipeline' retrieved from /opt/airflow/dags/master_pipeline_dag.py
[2026-05-30T08:31:48.424+0000] {logging_mixin.py:188} INFO - [2026-05-30T08:31:48.424+0000] {dag.py:3096} INFO - Sync 1 DAGs
[2026-05-30T08:31:48.449+0000] {logging_mixin.py:188} INFO - [2026-05-30T08:31:48.449+0000] {dag.py:3954} INFO - Setting next_dagrun for client_analytics_master_pipeline to 2026-05-30 06:00:00+00:00, run_after=2026-05-31 06:00:00+00:00
[2026-05-30T08:31:48.458+0000] {processor.py:183} INFO - Processing /opt/airflow/dags/master_pipeline_dag.py took 0.112 seconds
[2026-05-30T08:32:18.693+0000] {processor.py:161} INFO - Started process (PID=763) to work on /opt/airflow/dags/master_pipeline_dag.py
[2026-05-30T08:32:18.697+0000] {processor.py:830} INFO - Processing file /opt/airflow/dags/master_pipeline_dag.py for tasks to queue
[2026-05-30T08:32:18.703+0000] {logging_mixin.py:188} INFO - [2026-05-30T08:32:18.703+0000] {dagbag.py:545} INFO - Filling up the DagBag from /opt/airflow/dags/master_pipeline_dag.py
[2026-05-30T08:32:18.726+0000] {processor.py:840} INFO - DAG(s) 'client_analytics_master_pipeline' retrieved from /opt/airflow/dags/master_pipeline_dag.py
[2026-05-30T08:32:18.758+0000] {logging_mixin.py:188} INFO - [2026-05-30T08:32:18.757+0000] {dag.py:3096} INFO - Sync 1 DAGs
[2026-05-30T08:32:18.780+0000] {logging_mixin.py:188} INFO - [2026-05-30T08:32:18.780+0000] {dag.py:3954} INFO - Setting next_dagrun for client_analytics_master_pipeline to 2026-05-30 06:00:00+00:00, run_after=2026-05-31 06:00:00+00:00
[2026-05-30T08:32:18.792+0000] {processor.py:183} INFO - Processing /opt/airflow/dags/master_pipeline_dag.py took 0.111 seconds
[2026-05-30T08:32:49.003+0000] {processor.py:161} INFO - Started process (PID=768) to work on /opt/airflow/dags/master_pipeline_dag.py
[2026-05-30T08:32:49.004+0000] {processor.py:830} INFO - Processing file /opt/airflow/dags/master_pipeline_dag.py for tasks to queue
[2026-05-30T08:32:49.006+0000] {logging_mixin.py:188} INFO - [2026-05-30T08:32:49.006+0000] {dagbag.py:545} INFO - Filling up the DagBag from /opt/airflow/dags/master_pipeline_dag.py
[2026-05-30T08:32:49.020+0000] {processor.py:840} INFO - DAG(s) 'client_analytics_master_pipeline' retrieved from /opt/airflow/dags/master_pipeline_dag.py
[2026-05-30T08:32:49.047+0000] {logging_mixin.py:188} INFO - [2026-05-30T08:32:49.046+0000] {dag.py:3096} INFO - Sync 1 DAGs
[2026-05-30T08:32:49.060+0000] {logging_mixin.py:188} INFO - [2026-05-30T08:32:49.060+0000] {dag.py:3954} INFO - Setting next_dagrun for client_analytics_master_pipeline to 2026-05-30 06:00:00+00:00, run_after=2026-05-31 06:00:00+00:00
[2026-05-30T08:32:49.068+0000] {processor.py:183} INFO - Processing /opt/airflow/dags/master_pipeline_dag.py took 0.072 seconds
[2026-05-30T08:33:19.303+0000] {processor.py:161} INFO - Started process (PID=773) to work on /opt/airflow/dags/master_pipeline_dag.py
[2026-05-30T08:33:19.304+0000] {processor.py:830} INFO - Processing file /opt/airflow/dags/master_pipeline_dag.py for tasks to queue
[2026-05-30T08:33:19.307+0000] {logging_mixin.py:188} INFO - [2026-05-30T08:33:19.306+0000] {dagbag.py:545} INFO - Filling up the DagBag from /opt/airflow/dags/master_pipeline_dag.py
[2026-05-30T08:33:19.321+0000] {processor.py:840} INFO - DAG(s) 'client_analytics_master_pipeline' retrieved from /opt/airflow/dags/master_pipeline_dag.py
[2026-05-30T08:33:19.343+0000] {logging_mixin.py:188} INFO - [2026-05-30T08:33:19.343+0000] {dag.py:3096} INFO - Sync 1 DAGs
[2026-05-30T08:33:19.354+0000] {logging_mixin.py:188} INFO - [2026-05-30T08:33:19.354+0000] {dag.py:3954} INFO - Setting next_dagrun for client_analytics_master_pipeline to 2026-05-30 06:00:00+00:00, run_after=2026-05-31 06:00:00+00:00
[2026-05-30T08:33:19.362+0000] {processor.py:183} INFO - Processing /opt/airflow/dags/master_pipeline_dag.py took 0.067 seconds
[2026-05-30T08:33:49.820+0000] {processor.py:161} INFO - Started process (PID=778) to work on /opt/airflow/dags/master_pipeline_dag.py
[2026-05-30T08:33:49.822+0000] {processor.py:830} INFO - Processing file /opt/airflow/dags/master_pipeline_dag.py for tasks to queue
[2026-05-30T08:33:49.826+0000] {logging_mixin.py:188} INFO - [2026-05-30T08:33:49.826+0000] {dagbag.py:545} INFO - Filling up the DagBag from /opt/airflow/dags/master_pipeline_dag.py
[2026-05-30T08:33:49.846+0000] {processor.py:840} INFO - DAG(s) 'client_analytics_master_pipeline' retrieved from /opt/airflow/dags/master_pipeline_dag.py
[2026-05-30T08:33:49.883+0000] {logging_mixin.py:188} INFO - [2026-05-30T08:33:49.883+0000] {dag.py:3096} INFO - Sync 1 DAGs
[2026-05-30T08:33:49.904+0000] {logging_mixin.py:188} INFO - [2026-05-30T08:33:49.904+0000] {dag.py:3954} INFO - Setting next_dagrun for client_analytics_master_pipeline to 2026-05-30 06:00:00+00:00, run_after=2026-05-31 06:00:00+00:00
[2026-05-30T08:33:49.915+0000] {processor.py:183} INFO - Processing /opt/airflow/dags/master_pipeline_dag.py took 0.106 seconds
[2026-05-30T08:34:20.174+0000] {processor.py:161} INFO - Started process (PID=783) to work on /opt/airflow/dags/master_pipeline_dag.py
[2026-05-30T08:34:20.177+0000] {processor.py:830} INFO - Processing file /opt/airflow/dags/master_pipeline_dag.py for tasks to queue
[2026-05-30T08:34:20.183+0000] {logging_mixin.py:188} INFO - [2026-05-30T08:34:20.182+0000] {dagbag.py:545} INFO - Filling up the DagBag from /opt/airflow/dags/master_pipeline_dag.py
[2026-05-30T08:34:20.206+0000] {processor.py:840} INFO - DAG(s) 'client_analytics_master_pipeline' retrieved from /opt/airflow/dags/master_pipeline_dag.py
[2026-05-30T08:34:20.258+0000] {logging_mixin.py:188} INFO - [2026-05-30T08:34:20.258+0000] {dag.py:3096} INFO - Sync 1 DAGs
[2026-05-30T08:34:20.282+0000] {logging_mixin.py:188} INFO - [2026-05-30T08:34:20.282+0000] {dag.py:3954} INFO - Setting next_dagrun for client_analytics_master_pipeline to 2026-05-30 06:00:00+00:00, run_after=2026-05-31 06:00:00+00:00
[2026-05-30T08:34:20.296+0000] {processor.py:183} INFO - Processing /opt/airflow/dags/master_pipeline_dag.py took 0.134 seconds
[2026-05-30T08:34:50.518+0000] {processor.py:161} INFO - Started process (PID=788) to work on /opt/airflow/dags/master_pipeline_dag.py
[2026-05-30T08:34:50.519+0000] {processor.py:830} INFO - Processing file /opt/airflow/dags/master_pipeline_dag.py for tasks to queue
[2026-05-30T08:34:50.522+0000] {logging_mixin.py:188} INFO - [2026-05-30T08:34:50.521+0000] {dagbag.py:545} INFO - Filling up the DagBag from /opt/airflow/dags/master_pipeline_dag.py
[2026-05-30T08:34:50.537+0000] {processor.py:840} INFO - DAG(s) 'client_analytics_master_pipeline' retrieved from /opt/airflow/dags/master_pipeline_dag.py
[2026-05-30T08:34:50.562+0000] {logging_mixin.py:188} INFO - [2026-05-30T08:34:50.562+0000] {dag.py:3096} INFO - Sync 1 DAGs
[2026-05-30T08:34:50.576+0000] {logging_mixin.py:188} INFO - [2026-05-30T08:34:50.576+0000] {dag.py:3954} INFO - Setting next_dagrun for client_analytics_master_pipeline to 2026-05-30 06:00:00+00:00, run_after=2026-05-31 06:00:00+00:00
[2026-05-30T08:34:50.585+0000] {processor.py:183} INFO - Processing /opt/airflow/dags/master_pipeline_dag.py took 0.077 seconds
[2026-05-30T08:35:20.771+0000] {processor.py:161} INFO - Started process (PID=793) to work on /opt/airflow/dags/master_pipeline_dag.py
[2026-05-30T08:35:20.772+0000] {processor.py:830} INFO - Processing file /opt/airflow/dags/master_pipeline_dag.py for tasks to queue
[2026-05-30T08:35:20.774+0000] {logging_mixin.py:188} INFO - [2026-05-30T08:35:20.773+0000] {dagbag.py:545} INFO - Filling up the DagBag from /opt/airflow/dags/master_pipeline_dag.py
[2026-05-30T08:35:20.785+0000] {processor.py:840} INFO - DAG(s) 'client_analytics_master_pipeline' retrieved from /opt/airflow/dags/master_pipeline_dag.py
[2026-05-30T08:35:20.803+0000] {logging_mixin.py:188} INFO - [2026-05-30T08:35:20.803+0000] {dag.py:3096} INFO - Sync 1 DAGs
[2026-05-30T08:35:20.814+0000] {logging_mixin.py:188} INFO - [2026-05-30T08:35:20.814+0000] {dag.py:3954} INFO - Setting next_dagrun for client_analytics_master_pipeline to 2026-05-30 06:00:00+00:00, run_after=2026-05-31 06:00:00+00:00
[2026-05-30T08:35:20.821+0000] {processor.py:183} INFO - Processing /opt/airflow/dags/master_pipeline_dag.py took 0.054 seconds
[2026-05-30T08:35:51.070+0000] {processor.py:161} INFO - Started process (PID=798) to work on /opt/airflow/dags/master_pipeline_dag.py
[2026-05-30T08:35:51.071+0000] {processor.py:830} INFO - Processing file /opt/airflow/dags/master_pipeline_dag.py for tasks to queue
[2026-05-30T08:35:51.073+0000] {logging_mixin.py:188} INFO - [2026-05-30T08:35:51.072+0000] {dagbag.py:545} INFO - Filling up the DagBag from /opt/airflow/dags/master_pipeline_dag.py
[2026-05-30T08:35:51.082+0000] {processor.py:840} INFO - DAG(s) 'client_analytics_master_pipeline' retrieved from /opt/airflow/dags/master_pipeline_dag.py
[2026-05-30T08:35:51.096+0000] {logging_mixin.py:188} INFO - [2026-05-30T08:35:51.096+0000] {dag.py:3096} INFO - Sync 1 DAGs
[2026-05-30T08:35:51.106+0000] {logging_mixin.py:188} INFO - [2026-05-30T08:35:51.106+0000] {dag.py:3954} INFO - Setting next_dagrun for client_analytics_master_pipeline to 2026-05-30 06:00:00+00:00, run_after=2026-05-31 06:00:00+00:00
[2026-05-30T08:35:51.114+0000] {processor.py:183} INFO - Processing /opt/airflow/dags/master_pipeline_dag.py took 0.049 seconds
[2026-05-30T08:36:21.376+0000] {processor.py:161} INFO - Started process (PID=803) to work on /opt/airflow/dags/master_pipeline_dag.py
[2026-05-30T08:36:21.377+0000] {processor.py:830} INFO - Processing file /opt/airflow/dags/master_pipeline_dag.py for tasks to queue
[2026-05-30T08:36:21.388+0000] {logging_mixin.py:188} INFO - [2026-05-30T08:36:21.384+0000] {dagbag.py:545} INFO - Filling up the DagBag from /opt/airflow/dags/master_pipeline_dag.py
[2026-05-30T08:36:21.411+0000] {processor.py:840} INFO - DAG(s) 'client_analytics_master_pipeline' retrieved from /opt/airflow/dags/master_pipeline_dag.py
[2026-05-30T08:36:21.441+0000] {logging_mixin.py:188} INFO - [2026-05-30T08:36:21.441+0000] {dag.py:3096} INFO - Sync 1 DAGs
[2026-05-30T08:36:21.458+0000] {logging_mixin.py:188} INFO - [2026-05-30T08:36:21.458+0000] {dag.py:3954} INFO - Setting next_dagrun for client_analytics_master_pipeline to 2026-05-30 06:00:00+00:00, run_after=2026-05-31 06:00:00+00:00
[2026-05-30T08:36:21.468+0000] {processor.py:183} INFO - Processing /opt/airflow/dags/master_pipeline_dag.py took 0.100 seconds
[2026-05-30T08:36:51.691+0000] {processor.py:161} INFO - Started process (PID=808) to work on /opt/airflow/dags/master_pipeline_dag.py
[2026-05-30T08:36:51.692+0000] {processor.py:830} INFO - Processing file /opt/airflow/dags/master_pipeline_dag.py for tasks to queue
[2026-05-30T08:36:51.693+0000] {logging_mixin.py:188} INFO - [2026-05-30T08:36:51.693+0000] {dagbag.py:545} INFO - Filling up the DagBag from /opt/airflow/dags/master_pipeline_dag.py
[2026-05-30T08:36:51.703+0000] {processor.py:840} INFO - DAG(s) 'client_analytics_master_pipeline' retrieved from /opt/airflow/dags/master_pipeline_dag.py
[2026-05-30T08:36:51.720+0000] {logging_mixin.py:188} INFO - [2026-05-30T08:36:51.719+0000] {dag.py:3096} INFO - Sync 1 DAGs
[2026-05-30T08:36:51.730+0000] {logging_mixin.py:188} INFO - [2026-05-30T08:36:51.730+0000] {dag.py:3954} INFO - Setting next_dagrun for client_analytics_master_pipeline to 2026-05-30 06:00:00+00:00, run_after=2026-05-31 06:00:00+00:00
[2026-05-30T08:36:51.738+0000] {processor.py:183} INFO - Processing /opt/airflow/dags/master_pipeline_dag.py took 0.052 seconds
[2026-05-30T08:37:22.001+0000] {processor.py:161} INFO - Started process (PID=813) to work on /opt/airflow/dags/master_pipeline_dag.py
[2026-05-30T08:37:22.002+0000] {processor.py:830} INFO - Processing file /opt/airflow/dags/master_pipeline_dag.py for tasks to queue
[2026-05-30T08:37:22.005+0000] {logging_mixin.py:188} INFO - [2026-05-30T08:37:22.004+0000] {dagbag.py:545} INFO - Filling up the DagBag from /opt/airflow/dags/master_pipeline_dag.py
[2026-05-30T08:37:22.019+0000] {processor.py:840} INFO - DAG(s) 'client_analytics_master_pipeline' retrieved from /opt/airflow/dags/master_pipeline_dag.py
[2026-05-30T08:37:22.040+0000] {logging_mixin.py:188} INFO - [2026-05-30T08:37:22.040+0000] {dag.py:3096} INFO - Sync 1 DAGs
[2026-05-30T08:37:22.053+0000] {logging_mixin.py:188} INFO - [2026-05-30T08:37:22.053+0000] {dag.py:3954} INFO - Setting next_dagrun for client_analytics_master_pipeline to 2026-05-30 06:00:00+00:00, run_after=2026-05-31 06:00:00+00:00
[2026-05-30T08:37:22.068+0000] {processor.py:183} INFO - Processing /opt/airflow/dags/master_pipeline_dag.py took 0.081 seconds
[2026-05-30T08:37:52.264+0000] {processor.py:161} INFO - Started process (PID=818) to work on /opt/airflow/dags/master_pipeline_dag.py
[2026-05-30T08:37:52.265+0000] {processor.py:830} INFO - Processing file /opt/airflow/dags/master_pipeline_dag.py for tasks to queue
[2026-05-30T08:37:52.266+0000] {logging_mixin.py:188} INFO - [2026-05-30T08:37:52.266+0000] {dagbag.py:545} INFO - Filling up the DagBag from /opt/airflow/dags/master_pipeline_dag.py
[2026-05-30T08:37:52.276+0000] {processor.py:840} INFO - DAG(s) 'client_analytics_master_pipeline' retrieved from /opt/airflow/dags/master_pipeline_dag.py
[2026-05-30T08:37:52.292+0000] {logging_mixin.py:188} INFO - [2026-05-30T08:37:52.292+0000] {dag.py:3096} INFO - Sync 1 DAGs
[2026-05-30T08:37:52.304+0000] {logging_mixin.py:188} INFO - [2026-05-30T08:37:52.304+0000] {dag.py:3954} INFO - Setting next_dagrun for client_analytics_master_pipeline to 2026-05-30 06:00:00+00:00, run_after=2026-05-31 06:00:00+00:00
[2026-05-30T08:37:52.312+0000] {processor.py:183} INFO - Processing /opt/airflow/dags/master_pipeline_dag.py took 0.053 seconds
[2026-05-30T08:38:22.604+0000] {processor.py:161} INFO - Started process (PID=823) to work on /opt/airflow/dags/master_pipeline_dag.py
[2026-05-30T08:38:22.605+0000] {processor.py:830} INFO - Processing file /opt/airflow/dags/master_pipeline_dag.py for tasks to queue
[2026-05-30T08:38:22.607+0000] {logging_mixin.py:188} INFO - [2026-05-30T08:38:22.607+0000] {dagbag.py:545} INFO - Filling up the DagBag from /opt/airflow/dags/master_pipeline_dag.py
[2026-05-30T08:38:22.620+0000] {processor.py:840} INFO - DAG(s) 'client_analytics_master_pipeline' retrieved from /opt/airflow/dags/master_pipeline_dag.py
[2026-05-30T08:38:22.640+0000] {logging_mixin.py:188} INFO - [2026-05-30T08:38:22.640+0000] {dag.py:3096} INFO - Sync 1 DAGs
[2026-05-30T08:38:22.653+0000] {logging_mixin.py:188} INFO - [2026-05-30T08:38:22.653+0000] {dag.py:3954} INFO - Setting next_dagrun for client_analytics_master_pipeline to 2026-05-30 06:00:00+00:00, run_after=2026-05-31 06:00:00+00:00
[2026-05-30T08:38:22.661+0000] {processor.py:183} INFO - Processing /opt/airflow/dags/master_pipeline_dag.py took 0.064 seconds
[2026-05-30T08:38:52.916+0000] {processor.py:161} INFO - Started process (PID=828) to work on /opt/airflow/dags/master_pipeline_dag.py
[2026-05-30T08:38:52.924+0000] {processor.py:830} INFO - Processing file /opt/airflow/dags/master_pipeline_dag.py for tasks to queue
[2026-05-30T08:38:52.930+0000] {logging_mixin.py:188} INFO - [2026-05-30T08:38:52.929+0000] {dagbag.py:545} INFO - Filling up the DagBag from /opt/airflow/dags/master_pipeline_dag.py
[2026-05-30T08:38:52.940+0000] {processor.py:840} INFO - DAG(s) 'client_analytics_master_pipeline' retrieved from /opt/airflow/dags/master_pipeline_dag.py
[2026-05-30T08:38:52.957+0000] {logging_mixin.py:188} INFO - [2026-05-30T08:38:52.957+0000] {dag.py:3096} INFO - Sync 1 DAGs
[2026-05-30T08:38:52.967+0000] {logging_mixin.py:188} INFO - [2026-05-30T08:38:52.967+0000] {dag.py:3954} INFO - Setting next_dagrun for client_analytics_master_pipeline to 2026-05-30 06:00:00+00:00, run_after=2026-05-31 06:00:00+00:00
[2026-05-30T08:38:52.974+0000] {processor.py:183} INFO - Processing /opt/airflow/dags/master_pipeline_dag.py took 0.068 seconds
[2026-05-30T08:39:23.228+0000] {processor.py:161} INFO - Started process (PID=833) to work on /opt/airflow/dags/master_pipeline_dag.py
[2026-05-30T08:39:23.229+0000] {processor.py:830} INFO - Processing file /opt/airflow/dags/master_pipeline_dag.py for tasks to queue
[2026-05-30T08:39:23.232+0000] {logging_mixin.py:188} INFO - [2026-05-30T08:39:23.231+0000] {dagbag.py:545} INFO - Filling up the DagBag from /opt/airflow/dags/master_pipeline_dag.py
[2026-05-30T08:39:23.246+0000] {processor.py:840} INFO - DAG(s) 'client_analytics_master_pipeline' retrieved from /opt/airflow/dags/master_pipeline_dag.py
[2026-05-30T08:39:23.266+0000] {logging_mixin.py:188} INFO - [2026-05-30T08:39:23.266+0000] {dag.py:3096} INFO - Sync 1 DAGs
[2026-05-30T08:39:23.278+0000] {logging_mixin.py:188} INFO - [2026-05-30T08:39:23.278+0000] {dag.py:3954} INFO - Setting next_dagrun for client_analytics_master_pipeline to 2026-05-30 06:00:00+00:00, run_after=2026-05-31 06:00:00+00:00
[2026-05-30T08:39:23.286+0000] {processor.py:183} INFO - Processing /opt/airflow/dags/master_pipeline_dag.py took 0.064 seconds
[2026-05-30T08:39:53.592+0000] {processor.py:161} INFO - Started process (PID=838) to work on /opt/airflow/dags/master_pipeline_dag.py
[2026-05-30T08:39:53.593+0000] {processor.py:830} INFO - Processing file /opt/airflow/dags/master_pipeline_dag.py for tasks to queue
[2026-05-30T08:39:53.596+0000] {logging_mixin.py:188} INFO - [2026-05-30T08:39:53.595+0000] {dagbag.py:545} INFO - Filling up the DagBag from /opt/airflow/dags/master_pipeline_dag.py
[2026-05-30T08:39:53.611+0000] {processor.py:840} INFO - DAG(s) 'client_analytics_master_pipeline' retrieved from /opt/airflow/dags/master_pipeline_dag.py
[2026-05-30T08:39:53.633+0000] {logging_mixin.py:188} INFO - [2026-05-30T08:39:53.633+0000] {dag.py:3096} INFO - Sync 1 DAGs
[2026-05-30T08:39:53.648+0000] {logging_mixin.py:188} INFO - [2026-05-30T08:39:53.647+0000] {dag.py:3954} INFO - Setting next_dagrun for client_analytics_master_pipeline to 2026-05-30 06:00:00+00:00, run_after=2026-05-31 06:00:00+00:00
[2026-05-30T08:39:53.656+0000] {processor.py:183} INFO - Processing /opt/airflow/dags/master_pipeline_dag.py took 0.069 seconds
[2026-05-30T08:40:23.937+0000] {processor.py:161} INFO - Started process (PID=843) to work on /opt/airflow/dags/master_pipeline_dag.py
[2026-05-30T08:40:23.938+0000] {processor.py:830} INFO - Processing file /opt/airflow/dags/master_pipeline_dag.py for tasks to queue
[2026-05-30T08:40:23.939+0000] {logging_mixin.py:188} INFO - [2026-05-30T08:40:23.939+0000] {dagbag.py:545} INFO - Filling up the DagBag from /opt/airflow/dags/master_pipeline_dag.py
[2026-05-30T08:40:23.948+0000] {processor.py:840} INFO - DAG(s) 'client_analytics_master_pipeline' retrieved from /opt/airflow/dags/master_pipeline_dag.py
[2026-05-30T08:40:23.963+0000] {logging_mixin.py:188} INFO - [2026-05-30T08:40:23.962+0000] {dag.py:3096} INFO - Sync 1 DAGs
[2026-05-30T08:40:23.974+0000] {logging_mixin.py:188} INFO - [2026-05-30T08:40:23.974+0000] {dag.py:3954} INFO - Setting next_dagrun for client_analytics_master_pipeline to 2026-05-30 06:00:00+00:00, run_after=2026-05-31 06:00:00+00:00
[2026-05-30T08:40:23.982+0000] {processor.py:183} INFO - Processing /opt/airflow/dags/master_pipeline_dag.py took 0.051 seconds
[2026-05-30T08:40:54.225+0000] {processor.py:161} INFO - Started process (PID=848) to work on /opt/airflow/dags/master_pipeline_dag.py
[2026-05-30T08:40:54.226+0000] {processor.py:830} INFO - Processing file /opt/airflow/dags/master_pipeline_dag.py for tasks to queue
[2026-05-30T08:40:54.227+0000] {logging_mixin.py:188} INFO - [2026-05-30T08:40:54.226+0000] {dagbag.py:545} INFO - Filling up the DagBag from /opt/airflow/dags/master_pipeline_dag.py
[2026-05-30T08:40:54.233+0000] {processor.py:840} INFO - DAG(s) 'client_analytics_master_pipeline' retrieved from /opt/airflow/dags/master_pipeline_dag.py
[2026-05-30T08:40:54.246+0000] {logging_mixin.py:188} INFO - [2026-05-30T08:40:54.246+0000] {dag.py:3096} INFO - Sync 1 DAGs
[2026-05-30T08:40:54.255+0000] {logging_mixin.py:188} INFO - [2026-05-30T08:40:54.255+0000] {dag.py:3954} INFO - Setting next_dagrun for client_analytics_master_pipeline to 2026-05-30 06:00:00+00:00, run_after=2026-05-31 06:00:00+00:00
[2026-05-30T08:40:54.262+0000] {processor.py:183} INFO - Processing /opt/airflow/dags/master_pipeline_dag.py took 0.041 seconds
[2026-05-30T08:41:24.545+0000] {processor.py:161} INFO - Started process (PID=853) to work on /opt/airflow/dags/master_pipeline_dag.py
[2026-05-30T08:41:24.546+0000] {processor.py:830} INFO - Processing file /opt/airflow/dags/master_pipeline_dag.py for tasks to queue
[2026-05-30T08:41:24.549+0000] {logging_mixin.py:188} INFO - [2026-05-30T08:41:24.549+0000] {dagbag.py:545} INFO - Filling up the DagBag from /opt/airflow/dags/master_pipeline_dag.py
[2026-05-30T08:41:24.576+0000] {processor.py:840} INFO - DAG(s) 'client_analytics_master_pipeline' retrieved from /opt/airflow/dags/master_pipeline_dag.py
[2026-05-30T08:41:24.599+0000] {logging_mixin.py:188} INFO - [2026-05-30T08:41:24.599+0000] {dag.py:3096} INFO - Sync 1 DAGs
[2026-05-30T08:41:24.615+0000] {logging_mixin.py:188} INFO - [2026-05-30T08:41:24.615+0000] {dag.py:3954} INFO - Setting next_dagrun for client_analytics_master_pipeline to 2026-05-30 06:00:00+00:00, run_after=2026-05-31 06:00:00+00:00
[2026-05-30T08:41:24.624+0000] {processor.py:183} INFO - Processing /opt/airflow/dags/master_pipeline_dag.py took 0.088 seconds
[2026-05-30T08:41:54.846+0000] {processor.py:161} INFO - Started process (PID=858) to work on /opt/airflow/dags/master_pipeline_dag.py
[2026-05-30T08:41:54.847+0000] {processor.py:830} INFO - Processing file /opt/airflow/dags/master_pipeline_dag.py for tasks to queue
[2026-05-30T08:41:54.849+0000] {logging_mixin.py:188} INFO - [2026-05-30T08:41:54.848+0000] {dagbag.py:545} INFO - Filling up the DagBag from /opt/airflow/dags/master_pipeline_dag.py
[2026-05-30T08:41:54.864+0000] {processor.py:840} INFO - DAG(s) 'client_analytics_master_pipeline' retrieved from /opt/airflow/dags/master_pipeline_dag.py
[2026-05-30T08:41:54.890+0000] {logging_mixin.py:188} INFO - [2026-05-30T08:41:54.889+0000] {dag.py:3096} INFO - Sync 1 DAGs
[2026-05-30T08:41:54.903+0000] {logging_mixin.py:188} INFO - [2026-05-30T08:41:54.903+0000] {dag.py:3954} INFO - Setting next_dagrun for client_analytics_master_pipeline to 2026-05-30 06:00:00+00:00, run_after=2026-05-31 06:00:00+00:00
[2026-05-30T08:41:54.911+0000] {processor.py:183} INFO - Processing /opt/airflow/dags/master_pipeline_dag.py took 0.075 seconds
[2026-05-30T08:42:25.182+0000] {processor.py:161} INFO - Started process (PID=863) to work on /opt/airflow/dags/master_pipeline_dag.py
[2026-05-30T08:42:25.183+0000] {processor.py:830} INFO - Processing file /opt/airflow/dags/master_pipeline_dag.py for tasks to queue
[2026-05-30T08:42:25.184+0000] {logging_mixin.py:188} INFO - [2026-05-30T08:42:25.184+0000] {dagbag.py:545} INFO - Filling up the DagBag from /opt/airflow/dags/master_pipeline_dag.py
[2026-05-30T08:42:25.194+0000] {processor.py:840} INFO - DAG(s) 'client_analytics_master_pipeline' retrieved from /opt/airflow/dags/master_pipeline_dag.py
[2026-05-30T08:42:25.210+0000] {logging_mixin.py:188} INFO - [2026-05-30T08:42:25.210+0000] {dag.py:3096} INFO - Sync 1 DAGs
[2026-05-30T08:42:25.220+0000] {logging_mixin.py:188} INFO - [2026-05-30T08:42:25.220+0000] {dag.py:3954} INFO - Setting next_dagrun for client_analytics_master_pipeline to 2026-05-30 06:00:00+00:00, run_after=2026-05-31 06:00:00+00:00
[2026-05-30T08:42:25.228+0000] {processor.py:183} INFO - Processing /opt/airflow/dags/master_pipeline_dag.py took 0.051 seconds
[2026-05-30T08:42:55.523+0000] {processor.py:161} INFO - Started process (PID=868) to work on /opt/airflow/dags/master_pipeline_dag.py
[2026-05-30T08:42:55.524+0000] {processor.py:830} INFO - Processing file /opt/airflow/dags/master_pipeline_dag.py for tasks to queue
[2026-05-30T08:42:55.526+0000] {logging_mixin.py:188} INFO - [2026-05-30T08:42:55.526+0000] {dagbag.py:545} INFO - Filling up the DagBag from /opt/airflow/dags/master_pipeline_dag.py
[2026-05-30T08:42:55.540+0000] {processor.py:840} INFO - DAG(s) 'client_analytics_master_pipeline' retrieved from /opt/airflow/dags/master_pipeline_dag.py
[2026-05-30T08:42:55.561+0000] {logging_mixin.py:188} INFO - [2026-05-30T08:42:55.561+0000] {dag.py:3096} INFO - Sync 1 DAGs
[2026-05-30T08:42:55.576+0000] {logging_mixin.py:188} INFO - [2026-05-30T08:42:55.576+0000] {dag.py:3954} INFO - Setting next_dagrun for client_analytics_master_pipeline to 2026-05-30 06:00:00+00:00, run_after=2026-05-31 06:00:00+00:00
[2026-05-30T08:42:55.585+0000] {processor.py:183} INFO - Processing /opt/airflow/dags/master_pipeline_dag.py took 0.069 seconds
[2026-05-30T08:43:26.124+0000] {processor.py:161} INFO - Started process (PID=873) to work on /opt/airflow/dags/master_pipeline_dag.py
[2026-05-30T08:43:26.126+0000] {processor.py:830} INFO - Processing file /opt/airflow/dags/master_pipeline_dag.py for tasks to queue
[2026-05-30T08:43:26.128+0000] {logging_mixin.py:188} INFO - [2026-05-30T08:43:26.127+0000] {dagbag.py:545} INFO - Filling up the DagBag from /opt/airflow/dags/master_pipeline_dag.py
[2026-05-30T08:43:26.142+0000] {processor.py:840} INFO - DAG(s) 'client_analytics_master_pipeline' retrieved from /opt/airflow/dags/master_pipeline_dag.py
[2026-05-30T08:43:26.165+0000] {logging_mixin.py:188} INFO - [2026-05-30T08:43:26.165+0000] {dag.py:3096} INFO - Sync 1 DAGs
[2026-05-30T08:43:26.179+0000] {logging_mixin.py:188} INFO - [2026-05-30T08:43:26.179+0000] {dag.py:3954} INFO - Setting next_dagrun for client_analytics_master_pipeline to 2026-05-30 06:00:00+00:00, run_after=2026-05-31 06:00:00+00:00
[2026-05-30T08:43:26.187+0000] {processor.py:183} INFO - Processing /opt/airflow/dags/master_pipeline_dag.py took 0.070 seconds
[2026-05-30T08:43:56.486+0000] {processor.py:161} INFO - Started process (PID=878) to work on /opt/airflow/dags/master_pipeline_dag.py
[2026-05-30T08:43:56.489+0000] {processor.py:830} INFO - Processing file /opt/airflow/dags/master_pipeline_dag.py for tasks to queue
[2026-05-30T08:43:56.491+0000] {logging_mixin.py:188} INFO - [2026-05-30T08:43:56.491+0000] {dagbag.py:545} INFO - Filling up the DagBag from /opt/airflow/dags/master_pipeline_dag.py
[2026-05-30T08:43:56.517+0000] {processor.py:840} INFO - DAG(s) 'client_analytics_master_pipeline' retrieved from /opt/airflow/dags/master_pipeline_dag.py
[2026-05-30T08:43:56.548+0000] {logging_mixin.py:188} INFO - [2026-05-30T08:43:56.548+0000] {dag.py:3096} INFO - Sync 1 DAGs
[2026-05-30T08:43:56.564+0000] {logging_mixin.py:188} INFO - [2026-05-30T08:43:56.563+0000] {dag.py:3954} INFO - Setting next_dagrun for client_analytics_master_pipeline to 2026-05-30 06:00:00+00:00, run_after=2026-05-31 06:00:00+00:00
[2026-05-30T08:43:56.579+0000] {processor.py:183} INFO - Processing /opt/airflow/dags/master_pipeline_dag.py took 0.102 seconds
[2026-05-30T08:44:26.845+0000] {processor.py:161} INFO - Started process (PID=883) to work on /opt/airflow/dags/master_pipeline_dag.py
[2026-05-30T08:44:26.846+0000] {processor.py:830} INFO - Processing file /opt/airflow/dags/master_pipeline_dag.py for tasks to queue
[2026-05-30T08:44:26.849+0000] {logging_mixin.py:188} INFO - [2026-05-30T08:44:26.848+0000] {dagbag.py:545} INFO - Filling up the DagBag from /opt/airflow/dags/master_pipeline_dag.py
[2026-05-30T08:44:26.872+0000] {processor.py:840} INFO - DAG(s) 'client_analytics_master_pipeline' retrieved from /opt/airflow/dags/master_pipeline_dag.py
[2026-05-30T08:44:26.902+0000] {logging_mixin.py:188} INFO - [2026-05-30T08:44:26.902+0000] {dag.py:3096} INFO - Sync 1 DAGs
[2026-05-30T08:44:26.916+0000] {logging_mixin.py:188} INFO - [2026-05-30T08:44:26.916+0000] {dag.py:3954} INFO - Setting next_dagrun for client_analytics_master_pipeline to 2026-05-30 06:00:00+00:00, run_after=2026-05-31 06:00:00+00:00
[2026-05-30T08:44:26.926+0000] {processor.py:183} INFO - Processing /opt/airflow/dags/master_pipeline_dag.py took 0.119 seconds
[2026-05-30T08:44:57.269+0000] {processor.py:161} INFO - Started process (PID=888) to work on /opt/airflow/dags/master_pipeline_dag.py
[2026-05-30T08:44:57.272+0000] {processor.py:830} INFO - Processing file /opt/airflow/dags/master_pipeline_dag.py for tasks to queue
[2026-05-30T08:44:57.276+0000] {logging_mixin.py:188} INFO - [2026-05-30T08:44:57.275+0000] {dagbag.py:545} INFO - Filling up the DagBag from /opt/airflow/dags/master_pipeline_dag.py
[2026-05-30T08:44:57.293+0000] {processor.py:840} INFO - DAG(s) 'client_analytics_master_pipeline' retrieved from /opt/airflow/dags/master_pipeline_dag.py
[2026-05-30T08:44:57.322+0000] {logging_mixin.py:188} INFO - [2026-05-30T08:44:57.322+0000] {dag.py:3096} INFO - Sync 1 DAGs
[2026-05-30T08:44:57.338+0000] {logging_mixin.py:188} INFO - [2026-05-30T08:44:57.338+0000] {dag.py:3954} INFO - Setting next_dagrun for client_analytics_master_pipeline to 2026-05-30 06:00:00+00:00, run_after=2026-05-31 06:00:00+00:00
[2026-05-30T08:44:57.354+0000] {processor.py:183} INFO - Processing /opt/airflow/dags/master_pipeline_dag.py took 0.093 seconds
[2026-05-30T08:45:27.569+0000] {processor.py:161} INFO - Started process (PID=893) to work on /opt/airflow/dags/master_pipeline_dag.py
[2026-05-30T08:45:27.571+0000] {processor.py:830} INFO - Processing file /opt/airflow/dags/master_pipeline_dag.py for tasks to queue
[2026-05-30T08:45:27.574+0000] {logging_mixin.py:188} INFO - [2026-05-30T08:45:27.573+0000] {dagbag.py:545} INFO - Filling up the DagBag from /opt/airflow/dags/master_pipeline_dag.py
[2026-05-30T08:45:27.607+0000] {processor.py:840} INFO - DAG(s) 'client_analytics_master_pipeline' retrieved from /opt/airflow/dags/master_pipeline_dag.py
[2026-05-30T08:45:27.652+0000] {logging_mixin.py:188} INFO - [2026-05-30T08:45:27.652+0000] {dag.py:3096} INFO - Sync 1 DAGs
[2026-05-30T08:45:27.742+0000] {logging_mixin.py:188} INFO - [2026-05-30T08:45:27.741+0000] {dag.py:3954} INFO - Setting next_dagrun for client_analytics_master_pipeline to 2026-05-30 06:00:00+00:00, run_after=2026-05-31 06:00:00+00:00
[2026-05-30T08:45:27.756+0000] {processor.py:183} INFO - Processing /opt/airflow/dags/master_pipeline_dag.py took 0.199 seconds
[2026-05-30T08:45:57.883+0000] {processor.py:161} INFO - Started process (PID=898) to work on /opt/airflow/dags/master_pipeline_dag.py
[2026-05-30T08:45:57.884+0000] {processor.py:830} INFO - Processing file /opt/airflow/dags/master_pipeline_dag.py for tasks to queue
[2026-05-30T08:45:57.892+0000] {logging_mixin.py:188} INFO - [2026-05-30T08:45:57.890+0000] {dagbag.py:545} INFO - Filling up the DagBag from /opt/airflow/dags/master_pipeline_dag.py
[2026-05-30T08:45:57.925+0000] {processor.py:840} INFO - DAG(s) 'client_analytics_master_pipeline' retrieved from /opt/airflow/dags/master_pipeline_dag.py
[2026-05-30T08:45:58.020+0000] {logging_mixin.py:188} INFO - [2026-05-30T08:45:58.020+0000] {dag.py:3096} INFO - Sync 1 DAGs
[2026-05-30T08:45:58.062+0000] {logging_mixin.py:188} INFO - [2026-05-30T08:45:58.061+0000] {dag.py:3954} INFO - Setting next_dagrun for client_analytics_master_pipeline to 2026-05-30 06:00:00+00:00, run_after=2026-05-31 06:00:00+00:00
[2026-05-30T08:45:58.079+0000] {processor.py:183} INFO - Processing /opt/airflow/dags/master_pipeline_dag.py took 0.210 seconds
[2026-05-30T08:46:28.550+0000] {processor.py:161} INFO - Started process (PID=903) to work on /opt/airflow/dags/master_pipeline_dag.py
[2026-05-30T08:46:28.553+0000] {processor.py:830} INFO - Processing file /opt/airflow/dags/master_pipeline_dag.py for tasks to queue
[2026-05-30T08:46:28.559+0000] {logging_mixin.py:188} INFO - [2026-05-30T08:46:28.558+0000] {dagbag.py:545} INFO - Filling up the DagBag from /opt/airflow/dags/master_pipeline_dag.py
[2026-05-30T08:46:28.584+0000] {processor.py:840} INFO - DAG(s) 'client_analytics_master_pipeline' retrieved from /opt/airflow/dags/master_pipeline_dag.py
[2026-05-30T08:46:28.613+0000] {logging_mixin.py:188} INFO - [2026-05-30T08:46:28.613+0000] {dag.py:3096} INFO - Sync 1 DAGs
[2026-05-30T08:46:28.631+0000] {logging_mixin.py:188} INFO - [2026-05-30T08:46:28.631+0000] {dag.py:3954} INFO - Setting next_dagrun for client_analytics_master_pipeline to 2026-05-30 06:00:00+00:00, run_after=2026-05-31 06:00:00+00:00
[2026-05-30T08:46:28.648+0000] {processor.py:183} INFO - Processing /opt/airflow/dags/master_pipeline_dag.py took 0.108 seconds
[2026-05-30T08:46:58.858+0000] {processor.py:161} INFO - Started process (PID=908) to work on /opt/airflow/dags/master_pipeline_dag.py
[2026-05-30T08:46:58.859+0000] {processor.py:830} INFO - Processing file /opt/airflow/dags/master_pipeline_dag.py for tasks to queue
[2026-05-30T08:46:58.862+0000] {logging_mixin.py:188} INFO - [2026-05-30T08:46:58.861+0000] {dagbag.py:545} INFO - Filling up the DagBag from /opt/airflow/dags/master_pipeline_dag.py
[2026-05-30T08:46:58.885+0000] {processor.py:840} INFO - DAG(s) 'client_analytics_master_pipeline' retrieved from /opt/airflow/dags/master_pipeline_dag.py
[2026-05-30T08:46:58.918+0000] {logging_mixin.py:188} INFO - [2026-05-30T08:46:58.918+0000] {dag.py:3096} INFO - Sync 1 DAGs
[2026-05-30T08:46:58.937+0000] {logging_mixin.py:188} INFO - [2026-05-30T08:46:58.937+0000] {dag.py:3954} INFO - Setting next_dagrun for client_analytics_master_pipeline to 2026-05-30 06:00:00+00:00, run_after=2026-05-31 06:00:00+00:00
[2026-05-30T08:46:58.945+0000] {processor.py:183} INFO - Processing /opt/airflow/dags/master_pipeline_dag.py took 0.102 seconds
[2026-05-30T08:47:29.302+0000] {processor.py:161} INFO - Started process (PID=913) to work on /opt/airflow/dags/master_pipeline_dag.py
[2026-05-30T08:47:29.304+0000] {processor.py:830} INFO - Processing file /opt/airflow/dags/master_pipeline_dag.py for tasks to queue
[2026-05-30T08:47:29.306+0000] {logging_mixin.py:188} INFO - [2026-05-30T08:47:29.306+0000] {dagbag.py:545} INFO - Filling up the DagBag from /opt/airflow/dags/master_pipeline_dag.py
[2026-05-30T08:47:29.321+0000] {processor.py:840} INFO - DAG(s) 'client_analytics_master_pipeline' retrieved from /opt/airflow/dags/master_pipeline_dag.py
[2026-05-30T08:47:29.346+0000] {logging_mixin.py:188} INFO - [2026-05-30T08:47:29.345+0000] {dag.py:3096} INFO - Sync 1 DAGs
[2026-05-30T08:47:29.359+0000] {logging_mixin.py:188} INFO - [2026-05-30T08:47:29.359+0000] {dag.py:3954} INFO - Setting next_dagrun for client_analytics_master_pipeline to 2026-05-30 06:00:00+00:00, run_after=2026-05-31 06:00:00+00:00
[2026-05-30T08:47:29.368+0000] {processor.py:183} INFO - Processing /opt/airflow/dags/master_pipeline_dag.py took 0.072 seconds
[2026-05-30T08:47:59.684+0000] {processor.py:161} INFO - Started process (PID=918) to work on /opt/airflow/dags/master_pipeline_dag.py
[2026-05-30T08:47:59.686+0000] {processor.py:830} INFO - Processing file /opt/airflow/dags/master_pipeline_dag.py for tasks to queue
[2026-05-30T08:47:59.688+0000] {logging_mixin.py:188} INFO - [2026-05-30T08:47:59.688+0000] {dagbag.py:545} INFO - Filling up the DagBag from /opt/airflow/dags/master_pipeline_dag.py
[2026-05-30T08:47:59.704+0000] {processor.py:840} INFO - DAG(s) 'client_analytics_master_pipeline' retrieved from /opt/airflow/dags/master_pipeline_dag.py
[2026-05-30T08:47:59.730+0000] {logging_mixin.py:188} INFO - [2026-05-30T08:47:59.730+0000] {dag.py:3096} INFO - Sync 1 DAGs
[2026-05-30T08:47:59.752+0000] {logging_mixin.py:188} INFO - [2026-05-30T08:47:59.752+0000] {dag.py:3954} INFO - Setting next_dagrun for client_analytics_master_pipeline to 2026-05-30 06:00:00+00:00, run_after=2026-05-31 06:00:00+00:00
[2026-05-30T08:47:59.761+0000] {processor.py:183} INFO - Processing /opt/airflow/dags/master_pipeline_dag.py took 0.085 seconds
[2026-05-30T08:48:30.087+0000] {processor.py:161} INFO - Started process (PID=923) to work on /opt/airflow/dags/master_pipeline_dag.py
[2026-05-30T08:48:30.089+0000] {processor.py:830} INFO - Processing file /opt/airflow/dags/master_pipeline_dag.py for tasks to queue
[2026-05-30T08:48:30.091+0000] {logging_mixin.py:188} INFO - [2026-05-30T08:48:30.091+0000] {dagbag.py:545} INFO - Filling up the DagBag from /opt/airflow/dags/master_pipeline_dag.py
[2026-05-30T08:48:30.110+0000] {processor.py:840} INFO - DAG(s) 'client_analytics_master_pipeline' retrieved from /opt/airflow/dags/master_pipeline_dag.py
[2026-05-30T08:48:30.133+0000] {logging_mixin.py:188} INFO - [2026-05-30T08:48:30.133+0000] {dag.py:3096} INFO - Sync 1 DAGs
[2026-05-30T08:48:30.154+0000] {logging_mixin.py:188} INFO - [2026-05-30T08:48:30.154+0000] {dag.py:3954} INFO - Setting next_dagrun for client_analytics_master_pipeline to 2026-05-30 06:00:00+00:00, run_after=2026-05-31 06:00:00+00:00
[2026-05-30T08:48:30.165+0000] {processor.py:183} INFO - Processing /opt/airflow/dags/master_pipeline_dag.py took 0.083 seconds
[2026-05-30T08:49:00.433+0000] {processor.py:161} INFO - Started process (PID=928) to work on /opt/airflow/dags/master_pipeline_dag.py
[2026-05-30T08:49:00.435+0000] {processor.py:830} INFO - Processing file /opt/airflow/dags/master_pipeline_dag.py for tasks to queue
[2026-05-30T08:49:00.438+0000] {logging_mixin.py:188} INFO - [2026-05-30T08:49:00.437+0000] {dagbag.py:545} INFO - Filling up the DagBag from /opt/airflow/dags/master_pipeline_dag.py
[2026-05-30T08:49:00.464+0000] {processor.py:840} INFO - DAG(s) 'client_analytics_master_pipeline' retrieved from /opt/airflow/dags/master_pipeline_dag.py
[2026-05-30T08:49:00.489+0000] {logging_mixin.py:188} INFO - [2026-05-30T08:49:00.489+0000] {dag.py:3096} INFO - Sync 1 DAGs
[2026-05-30T08:49:00.506+0000] {logging_mixin.py:188} INFO - [2026-05-30T08:49:00.506+0000] {dag.py:3954} INFO - Setting next_dagrun for client_analytics_master_pipeline to 2026-05-30 06:00:00+00:00, run_after=2026-05-31 06:00:00+00:00
[2026-05-30T08:49:00.515+0000] {processor.py:183} INFO - Processing /opt/airflow/dags/master_pipeline_dag.py took 0.093 seconds
[2026-05-30T08:49:30.736+0000] {processor.py:161} INFO - Started process (PID=933) to work on /opt/airflow/dags/master_pipeline_dag.py
[2026-05-30T08:49:30.736+0000] {processor.py:830} INFO - Processing file /opt/airflow/dags/master_pipeline_dag.py for tasks to queue
[2026-05-30T08:49:30.738+0000] {logging_mixin.py:188} INFO - [2026-05-30T08:49:30.738+0000] {dagbag.py:545} INFO - Filling up the DagBag from /opt/airflow/dags/master_pipeline_dag.py
[2026-05-30T08:49:30.746+0000] {processor.py:840} INFO - DAG(s) 'client_analytics_master_pipeline' retrieved from /opt/airflow/dags/master_pipeline_dag.py
[2026-05-30T08:49:30.764+0000] {logging_mixin.py:188} INFO - [2026-05-30T08:49:30.763+0000] {dag.py:3096} INFO - Sync 1 DAGs
[2026-05-30T08:49:30.775+0000] {logging_mixin.py:188} INFO - [2026-05-30T08:49:30.774+0000] {dag.py:3954} INFO - Setting next_dagrun for client_analytics_master_pipeline to 2026-05-30 06:00:00+00:00, run_after=2026-05-31 06:00:00+00:00
[2026-05-30T08:49:30.783+0000] {processor.py:183} INFO - Processing /opt/airflow/dags/master_pipeline_dag.py took 0.053 seconds
[2026-05-30T08:50:01.040+0000] {processor.py:161} INFO - Started process (PID=938) to work on /opt/airflow/dags/master_pipeline_dag.py
[2026-05-30T08:50:01.041+0000] {processor.py:830} INFO - Processing file /opt/airflow/dags/master_pipeline_dag.py for tasks to queue
[2026-05-30T08:50:01.045+0000] {logging_mixin.py:188} INFO - [2026-05-30T08:50:01.044+0000] {dagbag.py:545} INFO - Filling up the DagBag from /opt/airflow/dags/master_pipeline_dag.py
[2026-05-30T08:50:01.062+0000] {processor.py:840} INFO - DAG(s) 'client_analytics_master_pipeline' retrieved from /opt/airflow/dags/master_pipeline_dag.py
[2026-05-30T08:50:01.089+0000] {logging_mixin.py:188} INFO - [2026-05-30T08:50:01.089+0000] {dag.py:3096} INFO - Sync 1 DAGs
[2026-05-30T08:50:01.105+0000] {logging_mixin.py:188} INFO - [2026-05-30T08:50:01.105+0000] {dag.py:3954} INFO - Setting next_dagrun for client_analytics_master_pipeline to 2026-05-30 06:00:00+00:00, run_after=2026-05-31 06:00:00+00:00
[2026-05-30T08:50:01.116+0000] {processor.py:183} INFO - Processing /opt/airflow/dags/master_pipeline_dag.py took 0.081 seconds
[2026-05-30T08:50:31.348+0000] {processor.py:161} INFO - Started process (PID=943) to work on /opt/airflow/dags/master_pipeline_dag.py
[2026-05-30T08:50:31.351+0000] {processor.py:830} INFO - Processing file /opt/airflow/dags/master_pipeline_dag.py for tasks to queue
[2026-05-30T08:50:31.354+0000] {logging_mixin.py:188} INFO - [2026-05-30T08:50:31.354+0000] {dagbag.py:545} INFO - Filling up the DagBag from /opt/airflow/dags/master_pipeline_dag.py
[2026-05-30T08:50:31.370+0000] {processor.py:840} INFO - DAG(s) 'client_analytics_master_pipeline' retrieved from /opt/airflow/dags/master_pipeline_dag.py
[2026-05-30T08:50:31.400+0000] {logging_mixin.py:188} INFO - [2026-05-30T08:50:31.400+0000] {dag.py:3096} INFO - Sync 1 DAGs
[2026-05-30T08:50:31.419+0000] {logging_mixin.py:188} INFO - [2026-05-30T08:50:31.419+0000] {dag.py:3954} INFO - Setting next_dagrun for client_analytics_master_pipeline to 2026-05-30 06:00:00+00:00, run_after=2026-05-31 06:00:00+00:00
[2026-05-30T08:50:31.432+0000] {processor.py:183} INFO - Processing /opt/airflow/dags/master_pipeline_dag.py took 0.094 seconds
[2026-05-30T08:51:01.724+0000] {processor.py:161} INFO - Started process (PID=948) to work on /opt/airflow/dags/master_pipeline_dag.py
[2026-05-30T08:51:01.725+0000] {processor.py:830} INFO - Processing file /opt/airflow/dags/master_pipeline_dag.py for tasks to queue
[2026-05-30T08:51:01.727+0000] {logging_mixin.py:188} INFO - [2026-05-30T08:51:01.727+0000] {dagbag.py:545} INFO - Filling up the DagBag from /opt/airflow/dags/master_pipeline_dag.py
[2026-05-30T08:51:01.742+0000] {processor.py:840} INFO - DAG(s) 'client_analytics_master_pipeline' retrieved from /opt/airflow/dags/master_pipeline_dag.py
[2026-05-30T08:51:01.771+0000] {logging_mixin.py:188} INFO - [2026-05-30T08:51:01.770+0000] {dag.py:3096} INFO - Sync 1 DAGs
[2026-05-30T08:51:01.787+0000] {logging_mixin.py:188} INFO - [2026-05-30T08:51:01.787+0000] {dag.py:3954} INFO - Setting next_dagrun for client_analytics_master_pipeline to 2026-05-30 06:00:00+00:00, run_after=2026-05-31 06:00:00+00:00
[2026-05-30T08:51:01.798+0000] {processor.py:183} INFO - Processing /opt/airflow/dags/master_pipeline_dag.py took 0.081 seconds
[2026-05-30T08:51:32.028+0000] {processor.py:161} INFO - Started process (PID=953) to work on /opt/airflow/dags/master_pipeline_dag.py
[2026-05-30T08:51:32.030+0000] {processor.py:830} INFO - Processing file /opt/airflow/dags/master_pipeline_dag.py for tasks to queue
[2026-05-30T08:51:32.032+0000] {logging_mixin.py:188} INFO - [2026-05-30T08:51:32.031+0000] {dagbag.py:545} INFO - Filling up the DagBag from /opt/airflow/dags/master_pipeline_dag.py
[2026-05-30T08:51:32.045+0000] {processor.py:840} INFO - DAG(s) 'client_analytics_master_pipeline' retrieved from /opt/airflow/dags/master_pipeline_dag.py
[2026-05-30T08:51:32.065+0000] {logging_mixin.py:188} INFO - [2026-05-30T08:51:32.065+0000] {dag.py:3096} INFO - Sync 1 DAGs
[2026-05-30T08:51:32.079+0000] {logging_mixin.py:188} INFO - [2026-05-30T08:51:32.079+0000] {dag.py:3954} INFO - Setting next_dagrun for client_analytics_master_pipeline to 2026-05-30 06:00:00+00:00, run_after=2026-05-31 06:00:00+00:00
[2026-05-30T08:51:32.088+0000] {processor.py:183} INFO - Processing /opt/airflow/dags/master_pipeline_dag.py took 0.068 seconds
[2026-05-30T08:52:02.393+0000] {processor.py:161} INFO - Started process (PID=958) to work on /opt/airflow/dags/master_pipeline_dag.py
[2026-05-30T08:52:02.394+0000] {processor.py:830} INFO - Processing file /opt/airflow/dags/master_pipeline_dag.py for tasks to queue
[2026-05-30T08:52:02.396+0000] {logging_mixin.py:188} INFO - [2026-05-30T08:52:02.396+0000] {dagbag.py:545} INFO - Filling up the DagBag from /opt/airflow/dags/master_pipeline_dag.py
[2026-05-30T08:52:02.411+0000] {processor.py:840} INFO - DAG(s) 'client_analytics_master_pipeline' retrieved from /opt/airflow/dags/master_pipeline_dag.py
[2026-05-30T08:52:02.433+0000] {logging_mixin.py:188} INFO - [2026-05-30T08:52:02.433+0000] {dag.py:3096} INFO - Sync 1 DAGs
[2026-05-30T08:52:02.449+0000] {logging_mixin.py:188} INFO - [2026-05-30T08:52:02.449+0000] {dag.py:3954} INFO - Setting next_dagrun for client_analytics_master_pipeline to 2026-05-30 06:00:00+00:00, run_after=2026-05-31 06:00:00+00:00
[2026-05-30T08:52:02.458+0000] {processor.py:183} INFO - Processing /opt/airflow/dags/master_pipeline_dag.py took 0.072 seconds
[2026-05-30T08:52:32.762+0000] {processor.py:161} INFO - Started process (PID=963) to work on /opt/airflow/dags/master_pipeline_dag.py
[2026-05-30T08:52:32.767+0000] {processor.py:830} INFO - Processing file /opt/airflow/dags/master_pipeline_dag.py for tasks to queue
[2026-05-30T08:52:32.772+0000] {logging_mixin.py:188} INFO - [2026-05-30T08:52:32.772+0000] {dagbag.py:545} INFO - Filling up the DagBag from /opt/airflow/dags/master_pipeline_dag.py
[2026-05-30T08:52:32.789+0000] {processor.py:840} INFO - DAG(s) 'client_analytics_master_pipeline' retrieved from /opt/airflow/dags/master_pipeline_dag.py
[2026-05-30T08:52:32.825+0000] {logging_mixin.py:188} INFO - [2026-05-30T08:52:32.825+0000] {dag.py:3096} INFO - Sync 1 DAGs
[2026-05-30T08:52:32.840+0000] {logging_mixin.py:188} INFO - [2026-05-30T08:52:32.840+0000] {dag.py:3954} INFO - Setting next_dagrun for client_analytics_master_pipeline to 2026-05-30 06:00:00+00:00, run_after=2026-05-31 06:00:00+00:00
[2026-05-30T08:52:32.851+0000] {processor.py:183} INFO - Processing /opt/airflow/dags/master_pipeline_dag.py took 0.100 seconds
[2026-05-30T08:53:03.111+0000] {processor.py:161} INFO - Started process (PID=968) to work on /opt/airflow/dags/master_pipeline_dag.py
[2026-05-30T08:53:03.112+0000] {processor.py:830} INFO - Processing file /opt/airflow/dags/master_pipeline_dag.py for tasks to queue
[2026-05-30T08:53:03.115+0000] {logging_mixin.py:188} INFO - [2026-05-30T08:53:03.114+0000] {dagbag.py:545} INFO - Filling up the DagBag from /opt/airflow/dags/master_pipeline_dag.py
[2026-05-30T08:53:03.130+0000] {processor.py:840} INFO - DAG(s) 'client_analytics_master_pipeline' retrieved from /opt/airflow/dags/master_pipeline_dag.py
[2026-05-30T08:53:03.151+0000] {logging_mixin.py:188} INFO - [2026-05-30T08:53:03.151+0000] {dag.py:3096} INFO - Sync 1 DAGs
[2026-05-30T08:53:03.166+0000] {logging_mixin.py:188} INFO - [2026-05-30T08:53:03.166+0000] {dag.py:3954} INFO - Setting next_dagrun for client_analytics_master_pipeline to 2026-05-30 06:00:00+00:00, run_after=2026-05-31 06:00:00+00:00
[2026-05-30T08:53:03.176+0000] {processor.py:183} INFO - Processing /opt/airflow/dags/master_pipeline_dag.py took 0.072 seconds
[2026-05-30T08:53:33.457+0000] {processor.py:161} INFO - Started process (PID=973) to work on /opt/airflow/dags/master_pipeline_dag.py
[2026-05-30T08:53:33.458+0000] {processor.py:830} INFO - Processing file /opt/airflow/dags/master_pipeline_dag.py for tasks to queue
[2026-05-30T08:53:33.460+0000] {logging_mixin.py:188} INFO - [2026-05-30T08:53:33.459+0000] {dagbag.py:545} INFO - Filling up the DagBag from /opt/airflow/dags/master_pipeline_dag.py
[2026-05-30T08:53:33.473+0000] {processor.py:840} INFO - DAG(s) 'client_analytics_master_pipeline' retrieved from /opt/airflow/dags/master_pipeline_dag.py
[2026-05-30T08:53:33.496+0000] {logging_mixin.py:188} INFO - [2026-05-30T08:53:33.496+0000] {dag.py:3096} INFO - Sync 1 DAGs
[2026-05-30T08:53:33.510+0000] {logging_mixin.py:188} INFO - [2026-05-30T08:53:33.510+0000] {dag.py:3954} INFO - Setting next_dagrun for client_analytics_master_pipeline to 2026-05-30 06:00:00+00:00, run_after=2026-05-31 06:00:00+00:00
[2026-05-30T08:53:33.518+0000] {processor.py:183} INFO - Processing /opt/airflow/dags/master_pipeline_dag.py took 0.068 seconds
[2026-05-30T08:54:03.756+0000] {processor.py:161} INFO - Started process (PID=978) to work on /opt/airflow/dags/master_pipeline_dag.py
[2026-05-30T08:54:03.757+0000] {processor.py:830} INFO - Processing file /opt/airflow/dags/master_pipeline_dag.py for tasks to queue
[2026-05-30T08:54:03.759+0000] {logging_mixin.py:188} INFO - [2026-05-30T08:54:03.759+0000] {dagbag.py:545} INFO - Filling up the DagBag from /opt/airflow/dags/master_pipeline_dag.py
[2026-05-30T08:54:03.769+0000] {processor.py:840} INFO - DAG(s) 'client_analytics_master_pipeline' retrieved from /opt/airflow/dags/master_pipeline_dag.py
[2026-05-30T08:54:03.786+0000] {logging_mixin.py:188} INFO - [2026-05-30T08:54:03.785+0000] {dag.py:3096} INFO - Sync 1 DAGs
[2026-05-30T08:54:03.798+0000] {logging_mixin.py:188} INFO - [2026-05-30T08:54:03.798+0000] {dag.py:3954} INFO - Setting next_dagrun for client_analytics_master_pipeline to 2026-05-30 06:00:00+00:00, run_after=2026-05-31 06:00:00+00:00
[2026-05-30T08:54:03.810+0000] {processor.py:183} INFO - Processing /opt/airflow/dags/master_pipeline_dag.py took 0.060 seconds
[2026-05-30T08:54:34.124+0000] {processor.py:161} INFO - Started process (PID=983) to work on /opt/airflow/dags/master_pipeline_dag.py
[2026-05-30T08:54:34.127+0000] {processor.py:830} INFO - Processing file /opt/airflow/dags/master_pipeline_dag.py for tasks to queue
[2026-05-30T08:54:34.134+0000] {logging_mixin.py:188} INFO - [2026-05-30T08:54:34.134+0000] {dagbag.py:545} INFO - Filling up the DagBag from /opt/airflow/dags/master_pipeline_dag.py
[2026-05-30T08:54:34.163+0000] {processor.py:840} INFO - DAG(s) 'client_analytics_master_pipeline' retrieved from /opt/airflow/dags/master_pipeline_dag.py
[2026-05-30T08:54:34.195+0000] {logging_mixin.py:188} INFO - [2026-05-30T08:54:34.194+0000] {dag.py:3096} INFO - Sync 1 DAGs
[2026-05-30T08:54:34.213+0000] {logging_mixin.py:188} INFO - [2026-05-30T08:54:34.213+0000] {dag.py:3954} INFO - Setting next_dagrun for client_analytics_master_pipeline to 2026-05-30 06:00:00+00:00, run_after=2026-05-31 06:00:00+00:00
[2026-05-30T08:54:34.224+0000] {processor.py:183} INFO - Processing /opt/airflow/dags/master_pipeline_dag.py took 0.121 seconds
[2026-05-30T08:55:04.498+0000] {processor.py:161} INFO - Started process (PID=988) to work on /opt/airflow/dags/master_pipeline_dag.py
[2026-05-30T08:55:04.499+0000] {processor.py:830} INFO - Processing file /opt/airflow/dags/master_pipeline_dag.py for tasks to queue
[2026-05-30T08:55:04.502+0000] {logging_mixin.py:188} INFO - [2026-05-30T08:55:04.502+0000] {dagbag.py:545} INFO - Filling up the DagBag from /opt/airflow/dags/master_pipeline_dag.py
[2026-05-30T08:55:04.518+0000] {processor.py:840} INFO - DAG(s) 'client_analytics_master_pipeline' retrieved from /opt/airflow/dags/master_pipeline_dag.py
[2026-05-30T08:55:04.545+0000] {logging_mixin.py:188} INFO - [2026-05-30T08:55:04.545+0000] {dag.py:3096} INFO - Sync 1 DAGs
[2026-05-30T08:55:04.567+0000] {logging_mixin.py:188} INFO - [2026-05-30T08:55:04.566+0000] {dag.py:3954} INFO - Setting next_dagrun for client_analytics_master_pipeline to 2026-05-30 06:00:00+00:00, run_after=2026-05-31 06:00:00+00:00
[2026-05-30T08:55:04.580+0000] {processor.py:183} INFO - Processing /opt/airflow/dags/master_pipeline_dag.py took 0.087 seconds
[2026-05-30T08:55:34.866+0000] {processor.py:161} INFO - Started process (PID=993) to work on /opt/airflow/dags/master_pipeline_dag.py
[2026-05-30T08:55:34.868+0000] {processor.py:830} INFO - Processing file /opt/airflow/dags/master_pipeline_dag.py for tasks to queue
[2026-05-30T08:55:34.872+0000] {logging_mixin.py:188} INFO - [2026-05-30T08:55:34.872+0000] {dagbag.py:545} INFO - Filling up the DagBag from /opt/airflow/dags/master_pipeline_dag.py
[2026-05-30T08:55:34.894+0000] {processor.py:840} INFO - DAG(s) 'client_analytics_master_pipeline' retrieved from /opt/airflow/dags/master_pipeline_dag.py
[2026-05-30T08:55:34.918+0000] {logging_mixin.py:188} INFO - [2026-05-30T08:55:34.918+0000] {dag.py:3096} INFO - Sync 1 DAGs
[2026-05-30T08:55:34.937+0000] {logging_mixin.py:188} INFO - [2026-05-30T08:55:34.937+0000] {dag.py:3954} INFO - Setting next_dagrun for client_analytics_master_pipeline to 2026-05-30 06:00:00+00:00, run_after=2026-05-31 06:00:00+00:00
[2026-05-30T08:55:34.945+0000] {processor.py:183} INFO - Processing /opt/airflow/dags/master_pipeline_dag.py took 0.087 seconds
[2026-05-30T08:56:05.141+0000] {processor.py:161} INFO - Started process (PID=998) to work on /opt/airflow/dags/master_pipeline_dag.py
[2026-05-30T08:56:05.143+0000] {processor.py:830} INFO - Processing file /opt/airflow/dags/master_pipeline_dag.py for tasks to queue
[2026-05-30T08:56:05.146+0000] {logging_mixin.py:188} INFO - [2026-05-30T08:56:05.145+0000] {dagbag.py:545} INFO - Filling up the DagBag from /opt/airflow/dags/master_pipeline_dag.py
[2026-05-30T08:56:05.161+0000] {processor.py:840} INFO - DAG(s) 'client_analytics_master_pipeline' retrieved from /opt/airflow/dags/master_pipeline_dag.py
[2026-05-30T08:56:05.186+0000] {logging_mixin.py:188} INFO - [2026-05-30T08:56:05.186+0000] {dag.py:3096} INFO - Sync 1 DAGs
[2026-05-30T08:56:05.199+0000] {logging_mixin.py:188} INFO - [2026-05-30T08:56:05.199+0000] {dag.py:3954} INFO - Setting next_dagrun for client_analytics_master_pipeline to 2026-05-30 06:00:00+00:00, run_after=2026-05-31 06:00:00+00:00
[2026-05-30T08:56:05.206+0000] {processor.py:183} INFO - Processing /opt/airflow/dags/master_pipeline_dag.py took 0.074 seconds
[2026-05-30T08:56:35.495+0000] {processor.py:161} INFO - Started process (PID=1003) to work on /opt/airflow/dags/master_pipeline_dag.py
[2026-05-30T08:56:35.496+0000] {processor.py:830} INFO - Processing file /opt/airflow/dags/master_pipeline_dag.py for tasks to queue
[2026-05-30T08:56:35.498+0000] {logging_mixin.py:188} INFO - [2026-05-30T08:56:35.498+0000] {dagbag.py:545} INFO - Filling up the DagBag from /opt/airflow/dags/master_pipeline_dag.py
[2026-05-30T08:56:35.514+0000] {processor.py:840} INFO - DAG(s) 'client_analytics_master_pipeline' retrieved from /opt/airflow/dags/master_pipeline_dag.py
[2026-05-30T08:56:35.542+0000] {logging_mixin.py:188} INFO - [2026-05-30T08:56:35.542+0000] {dag.py:3096} INFO - Sync 1 DAGs
[2026-05-30T08:56:35.564+0000] {logging_mixin.py:188} INFO - [2026-05-30T08:56:35.564+0000] {dag.py:3954} INFO - Setting next_dagrun for client_analytics_master_pipeline to 2026-05-30 06:00:00+00:00, run_after=2026-05-31 06:00:00+00:00
[2026-05-30T08:56:35.574+0000] {processor.py:183} INFO - Processing /opt/airflow/dags/master_pipeline_dag.py took 0.086 seconds
[2026-05-30T08:57:05.809+0000] {processor.py:161} INFO - Started process (PID=1008) to work on /opt/airflow/dags/master_pipeline_dag.py
[2026-05-30T08:57:05.812+0000] {processor.py:830} INFO - Processing file /opt/airflow/dags/master_pipeline_dag.py for tasks to queue
[2026-05-30T08:57:05.814+0000] {logging_mixin.py:188} INFO - [2026-05-30T08:57:05.813+0000] {dagbag.py:545} INFO - Filling up the DagBag from /opt/airflow/dags/master_pipeline_dag.py
[2026-05-30T08:57:05.827+0000] {processor.py:840} INFO - DAG(s) 'client_analytics_master_pipeline' retrieved from /opt/airflow/dags/master_pipeline_dag.py
[2026-05-30T08:57:05.848+0000] {logging_mixin.py:188} INFO - [2026-05-30T08:57:05.848+0000] {dag.py:3096} INFO - Sync 1 DAGs
[2026-05-30T08:57:05.861+0000] {logging_mixin.py:188} INFO - [2026-05-30T08:57:05.861+0000] {dag.py:3954} INFO - Setting next_dagrun for client_analytics_master_pipeline to 2026-05-30 06:00:00+00:00, run_after=2026-05-31 06:00:00+00:00
[2026-05-30T08:57:05.871+0000] {processor.py:183} INFO - Processing /opt/airflow/dags/master_pipeline_dag.py took 0.072 seconds
[2026-05-30T08:57:36.119+0000] {processor.py:161} INFO - Started process (PID=1013) to work on /opt/airflow/dags/master_pipeline_dag.py
[2026-05-30T08:57:36.121+0000] {processor.py:830} INFO - Processing file /opt/airflow/dags/master_pipeline_dag.py for tasks to queue
[2026-05-30T08:57:36.124+0000] {logging_mixin.py:188} INFO - [2026-05-30T08:57:36.123+0000] {dagbag.py:545} INFO - Filling up the DagBag from /opt/airflow/dags/master_pipeline_dag.py
[2026-05-30T08:57:36.143+0000] {processor.py:840} INFO - DAG(s) 'client_analytics_master_pipeline' retrieved from /opt/airflow/dags/master_pipeline_dag.py
[2026-05-30T08:57:36.171+0000] {logging_mixin.py:188} INFO - [2026-05-30T08:57:36.171+0000] {dag.py:3096} INFO - Sync 1 DAGs
[2026-05-30T08:57:36.190+0000] {logging_mixin.py:188} INFO - [2026-05-30T08:57:36.189+0000] {dag.py:3954} INFO - Setting next_dagrun for client_analytics_master_pipeline to 2026-05-30 06:00:00+00:00, run_after=2026-05-31 06:00:00+00:00
[2026-05-30T08:57:36.201+0000] {processor.py:183} INFO - Processing /opt/airflow/dags/master_pipeline_dag.py took 0.090 seconds
[2026-05-30T08:58:06.477+0000] {processor.py:161} INFO - Started process (PID=1018) to work on /opt/airflow/dags/master_pipeline_dag.py
[2026-05-30T08:58:06.479+0000] {processor.py:830} INFO - Processing file /opt/airflow/dags/master_pipeline_dag.py for tasks to queue
[2026-05-30T08:58:06.482+0000] {logging_mixin.py:188} INFO - [2026-05-30T08:58:06.481+0000] {dagbag.py:545} INFO - Filling up the DagBag from /opt/airflow/dags/master_pipeline_dag.py
[2026-05-30T08:58:06.499+0000] {processor.py:840} INFO - DAG(s) 'client_analytics_master_pipeline' retrieved from /opt/airflow/dags/master_pipeline_dag.py
[2026-05-30T08:58:06.522+0000] {logging_mixin.py:188} INFO - [2026-05-30T08:58:06.522+0000] {dag.py:3096} INFO - Sync 1 DAGs
[2026-05-30T08:58:06.540+0000] {logging_mixin.py:188} INFO - [2026-05-30T08:58:06.539+0000] {dag.py:3954} INFO - Setting next_dagrun for client_analytics_master_pipeline to 2026-05-30 06:00:00+00:00, run_after=2026-05-31 06:00:00+00:00
[2026-05-30T08:58:06.549+0000] {processor.py:183} INFO - Processing /opt/airflow/dags/master_pipeline_dag.py took 0.082 seconds
[2026-05-30T08:58:36.824+0000] {processor.py:161} INFO - Started process (PID=1023) to work on /opt/airflow/dags/master_pipeline_dag.py
[2026-05-30T08:58:36.826+0000] {processor.py:830} INFO - Processing file /opt/airflow/dags/master_pipeline_dag.py for tasks to queue
[2026-05-30T08:58:36.831+0000] {logging_mixin.py:188} INFO - [2026-05-30T08:58:36.830+0000] {dagbag.py:545} INFO - Filling up the DagBag from /opt/airflow/dags/master_pipeline_dag.py
[2026-05-30T08:58:36.851+0000] {processor.py:840} INFO - DAG(s) 'client_analytics_master_pipeline' retrieved from /opt/airflow/dags/master_pipeline_dag.py
[2026-05-30T08:58:36.875+0000] {logging_mixin.py:188} INFO - [2026-05-30T08:58:36.875+0000] {dag.py:3096} INFO - Sync 1 DAGs
[2026-05-30T08:58:36.889+0000] {logging_mixin.py:188} INFO - [2026-05-30T08:58:36.889+0000] {dag.py:3954} INFO - Setting next_dagrun for client_analytics_master_pipeline to 2026-05-30 06:00:00+00:00, run_after=2026-05-31 06:00:00+00:00
[2026-05-30T08:58:36.898+0000] {processor.py:183} INFO - Processing /opt/airflow/dags/master_pipeline_dag.py took 0.085 seconds
[2026-05-30T08:59:07.137+0000] {processor.py:161} INFO - Started process (PID=1028) to work on /opt/airflow/dags/master_pipeline_dag.py
[2026-05-30T08:59:07.139+0000] {processor.py:830} INFO - Processing file /opt/airflow/dags/master_pipeline_dag.py for tasks to queue
[2026-05-30T08:59:07.143+0000] {logging_mixin.py:188} INFO - [2026-05-30T08:59:07.142+0000] {dagbag.py:545} INFO - Filling up the DagBag from /opt/airflow/dags/master_pipeline_dag.py
[2026-05-30T08:59:07.162+0000] {processor.py:840} INFO - DAG(s) 'client_analytics_master_pipeline' retrieved from /opt/airflow/dags/master_pipeline_dag.py
[2026-05-30T08:59:07.210+0000] {logging_mixin.py:188} INFO - [2026-05-30T08:59:07.208+0000] {dag.py:3096} INFO - Sync 1 DAGs
[2026-05-30T08:59:07.263+0000] {logging_mixin.py:188} INFO - [2026-05-30T08:59:07.263+0000] {dag.py:3954} INFO - Setting next_dagrun for client_analytics_master_pipeline to 2026-05-30 06:00:00+00:00, run_after=2026-05-31 06:00:00+00:00
[2026-05-30T08:59:07.325+0000] {processor.py:183} INFO - Processing /opt/airflow/dags/master_pipeline_dag.py took 0.199 seconds
[2026-05-30T08:59:37.527+0000] {processor.py:161} INFO - Started process (PID=1033) to work on /opt/airflow/dags/master_pipeline_dag.py
[2026-05-30T08:59:37.528+0000] {processor.py:830} INFO - Processing file /opt/airflow/dags/master_pipeline_dag.py for tasks to queue
[2026-05-30T08:59:37.531+0000] {logging_mixin.py:188} INFO - [2026-05-30T08:59:37.530+0000] {dagbag.py:545} INFO - Filling up the DagBag from /opt/airflow/dags/master_pipeline_dag.py
[2026-05-30T08:59:37.545+0000] {processor.py:840} INFO - DAG(s) 'client_analytics_master_pipeline' retrieved from /opt/airflow/dags/master_pipeline_dag.py
[2026-05-30T08:59:37.570+0000] {logging_mixin.py:188} INFO - [2026-05-30T08:59:37.570+0000] {dag.py:3096} INFO - Sync 1 DAGs
[2026-05-30T08:59:37.585+0000] {logging_mixin.py:188} INFO - [2026-05-30T08:59:37.584+0000] {dag.py:3954} INFO - Setting next_dagrun for client_analytics_master_pipeline to 2026-05-30 06:00:00+00:00, run_after=2026-05-31 06:00:00+00:00
[2026-05-30T08:59:37.595+0000] {processor.py:183} INFO - Processing /opt/airflow/dags/master_pipeline_dag.py took 0.077 seconds
[2026-05-30T09:00:07.819+0000] {processor.py:161} INFO - Started process (PID=1038) to work on /opt/airflow/dags/master_pipeline_dag.py
[2026-05-30T09:00:07.821+0000] {processor.py:830} INFO - Processing file /opt/airflow/dags/master_pipeline_dag.py for tasks to queue
[2026-05-30T09:00:07.824+0000] {logging_mixin.py:188} INFO - [2026-05-30T09:00:07.823+0000] {dagbag.py:545} INFO - Filling up the DagBag from /opt/airflow/dags/master_pipeline_dag.py
[2026-05-30T09:00:07.847+0000] {processor.py:840} INFO - DAG(s) 'client_analytics_master_pipeline' retrieved from /opt/airflow/dags/master_pipeline_dag.py
[2026-05-30T09:00:07.881+0000] {logging_mixin.py:188} INFO - [2026-05-30T09:00:07.881+0000] {dag.py:3096} INFO - Sync 1 DAGs
[2026-05-30T09:00:07.898+0000] {logging_mixin.py:188} INFO - [2026-05-30T09:00:07.897+0000] {dag.py:3954} INFO - Setting next_dagrun for client_analytics_master_pipeline to 2026-05-30 06:00:00+00:00, run_after=2026-05-31 06:00:00+00:00
[2026-05-30T09:00:07.910+0000] {processor.py:183} INFO - Processing /opt/airflow/dags/master_pipeline_dag.py took 0.112 seconds
[2026-05-30T09:00:38.165+0000] {processor.py:161} INFO - Started process (PID=1043) to work on /opt/airflow/dags/master_pipeline_dag.py
[2026-05-30T09:00:38.167+0000] {processor.py:830} INFO - Processing file /opt/airflow/dags/master_pipeline_dag.py for tasks to queue
[2026-05-30T09:00:38.169+0000] {logging_mixin.py:188} INFO - [2026-05-30T09:00:38.169+0000] {dagbag.py:545} INFO - Filling up the DagBag from /opt/airflow/dags/master_pipeline_dag.py
[2026-05-30T09:00:38.193+0000] {processor.py:840} INFO - DAG(s) 'client_analytics_master_pipeline' retrieved from /opt/airflow/dags/master_pipeline_dag.py
[2026-05-30T09:00:38.223+0000] {logging_mixin.py:188} INFO - [2026-05-30T09:00:38.223+0000] {dag.py:3096} INFO - Sync 1 DAGs
[2026-05-30T09:00:38.267+0000] {logging_mixin.py:188} INFO - [2026-05-30T09:00:38.266+0000] {dag.py:3954} INFO - Setting next_dagrun for client_analytics_master_pipeline to 2026-05-30 06:00:00+00:00, run_after=2026-05-31 06:00:00+00:00
[2026-05-30T09:00:38.283+0000] {processor.py:183} INFO - Processing /opt/airflow/dags/master_pipeline_dag.py took 0.129 seconds
[2026-05-30T09:01:08.492+0000] {processor.py:161} INFO - Started process (PID=1048) to work on /opt/airflow/dags/master_pipeline_dag.py
[2026-05-30T09:01:08.494+0000] {processor.py:830} INFO - Processing file /opt/airflow/dags/master_pipeline_dag.py for tasks to queue
[2026-05-30T09:01:08.496+0000] {logging_mixin.py:188} INFO - [2026-05-30T09:01:08.496+0000] {dagbag.py:545} INFO - Filling up the DagBag from /opt/airflow/dags/master_pipeline_dag.py
[2026-05-30T09:01:08.511+0000] {processor.py:840} INFO - DAG(s) 'client_analytics_master_pipeline' retrieved from /opt/airflow/dags/master_pipeline_dag.py
[2026-05-30T09:01:08.535+0000] {logging_mixin.py:188} INFO - [2026-05-30T09:01:08.534+0000] {dag.py:3096} INFO - Sync 1 DAGs
[2026-05-30T09:01:08.549+0000] {logging_mixin.py:188} INFO - [2026-05-30T09:01:08.549+0000] {dag.py:3954} INFO - Setting next_dagrun for client_analytics_master_pipeline to 2026-05-30 06:00:00+00:00, run_after=2026-05-31 06:00:00+00:00
[2026-05-30T09:01:08.558+0000] {processor.py:183} INFO - Processing /opt/airflow/dags/master_pipeline_dag.py took 0.076 seconds
[2026-05-30T09:01:38.965+0000] {processor.py:161} INFO - Started process (PID=1053) to work on /opt/airflow/dags/master_pipeline_dag.py
[2026-05-30T09:01:38.966+0000] {processor.py:830} INFO - Processing file /opt/airflow/dags/master_pipeline_dag.py for tasks to queue
[2026-05-30T09:01:38.968+0000] {logging_mixin.py:188} INFO - [2026-05-30T09:01:38.968+0000] {dagbag.py:545} INFO - Filling up the DagBag from /opt/airflow/dags/master_pipeline_dag.py
[2026-05-30T09:01:38.982+0000] {processor.py:840} INFO - DAG(s) 'client_analytics_master_pipeline' retrieved from /opt/airflow/dags/master_pipeline_dag.py
[2026-05-30T09:01:39.002+0000] {logging_mixin.py:188} INFO - [2026-05-30T09:01:39.001+0000] {dag.py:3096} INFO - Sync 1 DAGs
[2026-05-30T09:01:39.014+0000] {logging_mixin.py:188} INFO - [2026-05-30T09:01:39.014+0000] {dag.py:3954} INFO - Setting next_dagrun for client_analytics_master_pipeline to 2026-05-30 06:00:00+00:00, run_after=2026-05-31 06:00:00+00:00
[2026-05-30T09:01:39.023+0000] {processor.py:183} INFO - Processing /opt/airflow/dags/master_pipeline_dag.py took 0.066 seconds
[2026-05-30T09:02:09.395+0000] {processor.py:161} INFO - Started process (PID=1058) to work on /opt/airflow/dags/master_pipeline_dag.py
[2026-05-30T09:02:09.397+0000] {processor.py:830} INFO - Processing file /opt/airflow/dags/master_pipeline_dag.py for tasks to queue
[2026-05-30T09:02:09.399+0000] {logging_mixin.py:188} INFO - [2026-05-30T09:02:09.398+0000] {dagbag.py:545} INFO - Filling up the DagBag from /opt/airflow/dags/master_pipeline_dag.py
[2026-05-30T09:02:09.455+0000] {processor.py:840} INFO - DAG(s) 'client_analytics_master_pipeline' retrieved from /opt/airflow/dags/master_pipeline_dag.py
[2026-05-30T09:02:09.490+0000] {logging_mixin.py:188} INFO - [2026-05-30T09:02:09.490+0000] {dag.py:3096} INFO - Sync 1 DAGs
[2026-05-30T09:02:09.549+0000] {logging_mixin.py:188} INFO - [2026-05-30T09:02:09.548+0000] {dag.py:3954} INFO - Setting next_dagrun for client_analytics_master_pipeline to 2026-05-30 06:00:00+00:00, run_after=2026-05-31 06:00:00+00:00
[2026-05-30T09:02:09.585+0000] {processor.py:183} INFO - Processing /opt/airflow/dags/master_pipeline_dag.py took 0.245 seconds
[2026-05-30T09:02:39.894+0000] {processor.py:161} INFO - Started process (PID=1063) to work on /opt/airflow/dags/master_pipeline_dag.py
[2026-05-30T09:02:39.896+0000] {processor.py:830} INFO - Processing file /opt/airflow/dags/master_pipeline_dag.py for tasks to queue
[2026-05-30T09:02:39.898+0000] {logging_mixin.py:188} INFO - [2026-05-30T09:02:39.898+0000] {dagbag.py:545} INFO - Filling up the DagBag from /opt/airflow/dags/master_pipeline_dag.py
[2026-05-30T09:02:39.916+0000] {processor.py:840} INFO - DAG(s) 'client_analytics_master_pipeline' retrieved from /opt/airflow/dags/master_pipeline_dag.py
[2026-05-30T09:02:39.947+0000] {logging_mixin.py:188} INFO - [2026-05-30T09:02:39.947+0000] {dag.py:3096} INFO - Sync 1 DAGs
[2026-05-30T09:02:39.966+0000] {logging_mixin.py:188} INFO - [2026-05-30T09:02:39.966+0000] {dag.py:3954} INFO - Setting next_dagrun for client_analytics_master_pipeline to 2026-05-30 06:00:00+00:00, run_after=2026-05-31 06:00:00+00:00
[2026-05-30T09:02:39.975+0000] {processor.py:183} INFO - Processing /opt/airflow/dags/master_pipeline_dag.py took 0.087 seconds
[2026-05-30T09:03:10.220+0000] {processor.py:161} INFO - Started process (PID=1068) to work on /opt/airflow/dags/master_pipeline_dag.py
[2026-05-30T09:03:10.221+0000] {processor.py:830} INFO - Processing file /opt/airflow/dags/master_pipeline_dag.py for tasks to queue
[2026-05-30T09:03:10.224+0000] {logging_mixin.py:188} INFO - [2026-05-30T09:03:10.224+0000] {dagbag.py:545} INFO - Filling up the DagBag from /opt/airflow/dags/master_pipeline_dag.py
[2026-05-30T09:03:10.241+0000] {processor.py:840} INFO - DAG(s) 'client_analytics_master_pipeline' retrieved from /opt/airflow/dags/master_pipeline_dag.py
[2026-05-30T09:03:10.264+0000] {logging_mixin.py:188} INFO - [2026-05-30T09:03:10.264+0000] {dag.py:3096} INFO - Sync 1 DAGs
[2026-05-30T09:03:10.278+0000] {logging_mixin.py:188} INFO - [2026-05-30T09:03:10.278+0000] {dag.py:3954} INFO - Setting next_dagrun for client_analytics_master_pipeline to 2026-05-30 06:00:00+00:00, run_after=2026-05-31 06:00:00+00:00
[2026-05-30T09:03:10.286+0000] {processor.py:183} INFO - Processing /opt/airflow/dags/master_pipeline_dag.py took 0.074 seconds
[2026-05-30T09:03:40.535+0000] {processor.py:161} INFO - Started process (PID=1073) to work on /opt/airflow/dags/master_pipeline_dag.py
[2026-05-30T09:03:40.536+0000] {processor.py:830} INFO - Processing file /opt/airflow/dags/master_pipeline_dag.py for tasks to queue
[2026-05-30T09:03:40.538+0000] {logging_mixin.py:188} INFO - [2026-05-30T09:03:40.538+0000] {dagbag.py:545} INFO - Filling up the DagBag from /opt/airflow/dags/master_pipeline_dag.py
[2026-05-30T09:03:40.554+0000] {processor.py:840} INFO - DAG(s) 'client_analytics_master_pipeline' retrieved from /opt/airflow/dags/master_pipeline_dag.py
[2026-05-30T09:03:40.577+0000] {logging_mixin.py:188} INFO - [2026-05-30T09:03:40.577+0000] {dag.py:3096} INFO - Sync 1 DAGs
[2026-05-30T09:03:40.590+0000] {logging_mixin.py:188} INFO - [2026-05-30T09:03:40.590+0000] {dag.py:3954} INFO - Setting next_dagrun for client_analytics_master_pipeline to 2026-05-30 06:00:00+00:00, run_after=2026-05-31 06:00:00+00:00
[2026-05-30T09:03:40.599+0000] {processor.py:183} INFO - Processing /opt/airflow/dags/master_pipeline_dag.py took 0.072 seconds
[2026-05-30T09:04:10.851+0000] {processor.py:161} INFO - Started process (PID=1078) to work on /opt/airflow/dags/master_pipeline_dag.py
[2026-05-30T09:04:10.852+0000] {processor.py:830} INFO - Processing file /opt/airflow/dags/master_pipeline_dag.py for tasks to queue
[2026-05-30T09:04:10.853+0000] {logging_mixin.py:188} INFO - [2026-05-30T09:04:10.853+0000] {dagbag.py:545} INFO - Filling up the DagBag from /opt/airflow/dags/master_pipeline_dag.py
[2026-05-30T09:04:10.860+0000] {processor.py:840} INFO - DAG(s) 'client_analytics_master_pipeline' retrieved from /opt/airflow/dags/master_pipeline_dag.py
[2026-05-30T09:04:10.874+0000] {logging_mixin.py:188} INFO - [2026-05-30T09:04:10.874+0000] {dag.py:3096} INFO - Sync 1 DAGs
[2026-05-30T09:04:10.884+0000] {logging_mixin.py:188} INFO - [2026-05-30T09:04:10.884+0000] {dag.py:3954} INFO - Setting next_dagrun for client_analytics_master_pipeline to 2026-05-30 06:00:00+00:00, run_after=2026-05-31 06:00:00+00:00
[2026-05-30T09:04:10.892+0000] {processor.py:183} INFO - Processing /opt/airflow/dags/master_pipeline_dag.py took 0.044 seconds
[2026-05-30T09:04:41.313+0000] {processor.py:161} INFO - Started process (PID=1083) to work on /opt/airflow/dags/master_pipeline_dag.py
[2026-05-30T09:04:41.316+0000] {processor.py:830} INFO - Processing file /opt/airflow/dags/master_pipeline_dag.py for tasks to queue
[2026-05-30T09:04:41.322+0000] {logging_mixin.py:188} INFO - [2026-05-30T09:04:41.318+0000] {dagbag.py:545} INFO - Filling up the DagBag from /opt/airflow/dags/master_pipeline_dag.py
[2026-05-30T09:04:41.339+0000] {processor.py:840} INFO - DAG(s) 'client_analytics_master_pipeline' retrieved from /opt/airflow/dags/master_pipeline_dag.py
[2026-05-30T09:04:41.385+0000] {logging_mixin.py:188} INFO - [2026-05-30T09:04:41.385+0000] {dag.py:3096} INFO - Sync 1 DAGs
[2026-05-30T09:04:41.402+0000] {logging_mixin.py:188} INFO - [2026-05-30T09:04:41.402+0000] {dag.py:3954} INFO - Setting next_dagrun for client_analytics_master_pipeline to 2026-05-30 06:00:00+00:00, run_after=2026-05-31 06:00:00+00:00
[2026-05-30T09:04:41.416+0000] {processor.py:183} INFO - Processing /opt/airflow/dags/master_pipeline_dag.py took 0.117 seconds
[2026-05-30T09:05:11.702+0000] {processor.py:161} INFO - Started process (PID=1088) to work on /opt/airflow/dags/master_pipeline_dag.py
[2026-05-30T09:05:11.711+0000] {processor.py:830} INFO - Processing file /opt/airflow/dags/master_pipeline_dag.py for tasks to queue
[2026-05-30T09:05:11.714+0000] {logging_mixin.py:188} INFO - [2026-05-30T09:05:11.714+0000] {dagbag.py:545} INFO - Filling up the DagBag from /opt/airflow/dags/master_pipeline_dag.py
[2026-05-30T09:05:11.745+0000] {processor.py:840} INFO - DAG(s) 'client_analytics_master_pipeline' retrieved from /opt/airflow/dags/master_pipeline_dag.py
[2026-05-30T09:05:11.958+0000] {logging_mixin.py:188} INFO - [2026-05-30T09:05:11.958+0000] {dag.py:3096} INFO - Sync 1 DAGs
[2026-05-30T09:05:12.088+0000] {logging_mixin.py:188} INFO - [2026-05-30T09:05:12.087+0000] {dag.py:3954} INFO - Setting next_dagrun for client_analytics_master_pipeline to 2026-05-30 06:00:00+00:00, run_after=2026-05-31 06:00:00+00:00
[2026-05-30T09:05:12.167+0000] {processor.py:183} INFO - Processing /opt/airflow/dags/master_pipeline_dag.py took 0.474 seconds
[2026-05-30T09:05:42.462+0000] {processor.py:161} INFO - Started process (PID=1093) to work on /opt/airflow/dags/master_pipeline_dag.py
[2026-05-30T09:05:42.462+0000] {processor.py:830} INFO - Processing file /opt/airflow/dags/master_pipeline_dag.py for tasks to queue
[2026-05-30T09:05:42.464+0000] {logging_mixin.py:188} INFO - [2026-05-30T09:05:42.463+0000] {dagbag.py:545} INFO - Filling up the DagBag from /opt/airflow/dags/master_pipeline_dag.py
[2026-05-30T09:05:42.472+0000] {processor.py:840} INFO - DAG(s) 'client_analytics_master_pipeline' retrieved from /opt/airflow/dags/master_pipeline_dag.py
[2026-05-30T09:05:42.600+0000] {logging_mixin.py:188} INFO - [2026-05-30T09:05:42.600+0000] {dag.py:3096} INFO - Sync 1 DAGs
[2026-05-30T09:05:42.660+0000] {logging_mixin.py:188} INFO - [2026-05-30T09:05:42.660+0000] {dag.py:3954} INFO - Setting next_dagrun for client_analytics_master_pipeline to 2026-05-30 06:00:00+00:00, run_after=2026-05-31 06:00:00+00:00
[2026-05-30T09:05:42.687+0000] {processor.py:183} INFO - Processing /opt/airflow/dags/master_pipeline_dag.py took 0.229 seconds
[2026-05-30T09:05:56.879+0000] {processor.py:161} INFO - Started process (PID=1098) to work on /opt/airflow/dags/master_pipeline_dag.py
[2026-05-30T09:05:56.881+0000] {processor.py:830} INFO - Processing file /opt/airflow/dags/master_pipeline_dag.py for tasks to queue
[2026-05-30T09:05:56.886+0000] {logging_mixin.py:188} INFO - [2026-05-30T09:05:56.884+0000] {dagbag.py:545} INFO - Filling up the DagBag from /opt/airflow/dags/master_pipeline_dag.py
[2026-05-30T09:05:56.905+0000] {processor.py:840} INFO - DAG(s) 'client_analytics_master_pipeline' retrieved from /opt/airflow/dags/master_pipeline_dag.py
[2026-05-30T09:05:57.477+0000] {logging_mixin.py:188} INFO - [2026-05-30T09:05:57.477+0000] {dag.py:3096} INFO - Sync 1 DAGs
[2026-05-30T09:05:57.490+0000] {logging_mixin.py:188} INFO - [2026-05-30T09:05:57.490+0000] {dag.py:3954} INFO - Setting next_dagrun for client_analytics_master_pipeline to 2026-05-30 06:00:00+00:00, run_after=2026-05-31 06:00:00+00:00
[2026-05-30T09:05:57.502+0000] {processor.py:183} INFO - Processing /opt/airflow/dags/master_pipeline_dag.py took 0.633 seconds
[2026-05-30T09:06:12.665+0000] {processor.py:161} INFO - Started process (PID=1103) to work on /opt/airflow/dags/master_pipeline_dag.py
[2026-05-30T09:06:12.666+0000] {processor.py:830} INFO - Processing file /opt/airflow/dags/master_pipeline_dag.py for tasks to queue
[2026-05-30T09:06:12.667+0000] {logging_mixin.py:188} INFO - [2026-05-30T09:06:12.667+0000] {dagbag.py:545} INFO - Filling up the DagBag from /opt/airflow/dags/master_pipeline_dag.py
[2026-05-30T09:06:12.678+0000] {processor.py:840} INFO - DAG(s) 'client_analytics_master_pipeline' retrieved from /opt/airflow/dags/master_pipeline_dag.py
[2026-05-30T09:06:12.685+0000] {logging_mixin.py:188} INFO - [2026-05-30T09:06:12.685+0000] {dag.py:3096} INFO - Sync 1 DAGs
[2026-05-30T09:06:12.696+0000] {logging_mixin.py:188} INFO - [2026-05-30T09:06:12.696+0000] {dag.py:3954} INFO - Setting next_dagrun for client_analytics_master_pipeline to 2026-05-30 06:00:00+00:00, run_after=2026-05-31 06:00:00+00:00
[2026-05-30T09:06:12.703+0000] {processor.py:183} INFO - Processing /opt/airflow/dags/master_pipeline_dag.py took 0.044 seconds
[2026-05-30T09:06:43.002+0000] {processor.py:161} INFO - Started process (PID=1108) to work on /opt/airflow/dags/master_pipeline_dag.py
[2026-05-30T09:06:43.004+0000] {processor.py:830} INFO - Processing file /opt/airflow/dags/master_pipeline_dag.py for tasks to queue
[2026-05-30T09:06:43.006+0000] {logging_mixin.py:188} INFO - [2026-05-30T09:06:43.006+0000] {dagbag.py:545} INFO - Filling up the DagBag from /opt/airflow/dags/master_pipeline_dag.py
[2026-05-30T09:06:43.023+0000] {processor.py:840} INFO - DAG(s) 'client_analytics_master_pipeline' retrieved from /opt/airflow/dags/master_pipeline_dag.py
[2026-05-30T09:06:43.052+0000] {logging_mixin.py:188} INFO - [2026-05-30T09:06:43.052+0000] {dag.py:3096} INFO - Sync 1 DAGs
[2026-05-30T09:06:43.070+0000] {logging_mixin.py:188} INFO - [2026-05-30T09:06:43.069+0000] {dag.py:3954} INFO - Setting next_dagrun for client_analytics_master_pipeline to 2026-05-30 06:00:00+00:00, run_after=2026-05-31 06:00:00+00:00
[2026-05-30T09:06:43.079+0000] {processor.py:183} INFO - Processing /opt/airflow/dags/master_pipeline_dag.py took 0.084 seconds
[2026-05-30T09:06:53.110+0000] {processor.py:161} INFO - Started process (PID=1113) to work on /opt/airflow/dags/master_pipeline_dag.py
[2026-05-30T09:06:53.111+0000] {processor.py:830} INFO - Processing file /opt/airflow/dags/master_pipeline_dag.py for tasks to queue
[2026-05-30T09:06:53.116+0000] {logging_mixin.py:188} INFO - [2026-05-30T09:06:53.115+0000] {dagbag.py:545} INFO - Filling up the DagBag from /opt/airflow/dags/master_pipeline_dag.py
[2026-05-30T09:06:53.143+0000] {processor.py:840} INFO - DAG(s) 'client_analytics_master_pipeline' retrieved from /opt/airflow/dags/master_pipeline_dag.py
[2026-05-30T09:06:53.171+0000] {logging_mixin.py:188} INFO - [2026-05-30T09:06:53.171+0000] {dag.py:3096} INFO - Sync 1 DAGs
[2026-05-30T09:06:53.188+0000] {logging_mixin.py:188} INFO - [2026-05-30T09:06:53.188+0000] {dag.py:3954} INFO - Setting next_dagrun for client_analytics_master_pipeline to 2026-05-30 06:00:00+00:00, run_after=2026-05-31 06:00:00+00:00
[2026-05-30T09:06:53.208+0000] {processor.py:183} INFO - Processing /opt/airflow/dags/master_pipeline_dag.py took 0.111 seconds
